State,Station,acq_date,Min,Max
ACT,70351,2019-06-01,-0.7,15.2
ACT,70351,2019-06-02,-1.6,15.7
ACT,70351,2019-06-03,2.9,11.4
ACT,70351,2019-06-04,4.4,11.4
ACT,70351,2019-06-05,3.3,12.3
ACT,70351,2019-06-06,-3.9,14.6
ACT,70351,2019-06-07,-1.3,17
ACT,70351,2019-06-08,-0.1,11.2
ACT,70351,2019-06-09,0.6,16
ACT,70351,2019-06-10,4.5,14.5
ACT,70351,2019-06-11,3.8,16.3
ACT,70351,2019-06-12,0.6,17.4
ACT,70351,2019-06-13,5.8,16.5
ACT,70351,2019-06-14,-2.2,14.5
ACT,70351,2019-06-15,-1.4,13.7
ACT,70351,2019-06-16,-0.8,13.2
ACT,70351,2019-06-17,1.1,15.6
ACT,70351,2019-06-18,0.5,13.7
ACT,70351,2019-06-19,-2.7,11.9
ACT,70351,2019-06-20,-4.4,11
ACT,70351,2019-06-21,-4.9,11.4
ACT,70351,2019-06-22,-1.5,11.5
ACT,70351,2019-06-23,-3.8,10.8
ACT,70351,2019-06-24,-0.8,13.6
ACT,70351,2019-06-25,-2.2,15.9
ACT,70351,2019-06-26,0.4,15
ACT,70351,2019-06-27,0.4,15.9
ACT,70351,2019-06-28,-1.1,16.7
ACT,70351,2019-06-29,-1.7,16.6
ACT,70351,2019-06-30,4.3,11.3
ACT,70351,2019-07-01,-4.7,12.5
ACT,70351,2019-07-02,-3.6,15
ACT,70351,2019-07-03,-3.1,15.6
ACT,70351,2019-07-04,2.5,13.3
ACT,70351,2019-07-05,0,15.8
ACT,70351,2019-07-06,4.6,15.6
ACT,70351,2019-07-07,0.2,15.3
ACT,70351,2019-07-08,7.3,15.9
ACT,70351,2019-07-09,-1.2,13.4
ACT,70351,2019-07-10,3.9,10.8
ACT,70351,2019-07-11,6,10.6
ACT,70351,2019-07-12,7.7,13.1
ACT,70351,2019-07-13,3.2,8.7
ACT,70351,2019-07-14,1,8.6
ACT,70351,2019-07-15,4.6,12.8
ACT,70351,2019-07-16,-2.1,14
ACT,70351,2019-07-17,4.4,12.5
ACT,70351,2019-07-18,5.9,13
ACT,70351,2019-07-19,2.3,13.3
ACT,70351,2019-07-20,-0.7,12.7
ACT,70351,2019-07-21,-4.7,15.8
ACT,70351,2019-07-22,-1.6,17.3
ACT,70351,2019-07-23,-2.4,16
ACT,70351,2019-07-24,7.8,13.5
ACT,70351,2019-07-25,-5.1,15.7
ACT,70351,2019-07-26,-1.8,11.1
ACT,70351,2019-07-27,0.2,16.2
ACT,70351,2019-07-28,-3.3,14.3
ACT,70351,2019-07-29,-2.4,14.2
ACT,70351,2019-07-30,-1.4,13.6
ACT,70351,2019-07-31,-2.8,13.7
ACT,70351,2019-08-01,-3.8,14.6
ACT,70351,2019-08-02,0,15.2
ACT,70351,2019-08-03,-0.9,13.3
ACT,70351,2019-08-04,0.4,13.6
ACT,70351,2019-08-05,0.9,11.9
ACT,70351,2019-08-06,-2.5,12.9
ACT,70351,2019-08-07,-5,16
ACT,70351,2019-08-08,-3.5,12.6
ACT,70351,2019-08-09,4.1,8.7
ACT,70351,2019-08-10,0.8,8.8
ACT,70351,2019-08-11,2,10.7
ACT,70351,2019-08-12,-1.6,13
ACT,70351,2019-08-13,-1.7,12.7
ACT,70351,2019-08-14,-4.1,10.2
ACT,70351,2019-08-15,-3.2,15.3
ACT,70351,2019-08-16,-2.8,18.3
ACT,70351,2019-08-17,0.3,17.8
ACT,70351,2019-08-18,-1.1,18.9
ACT,70351,2019-08-19,2.6,9.4
ACT,70351,2019-08-20,2.7,13.2
ACT,70351,2019-08-21,6.8,16.6
ACT,70351,2019-08-22,9,16.1
ACT,70351,2019-08-23,-5.2,14.7
ACT,70351,2019-08-24,-5.2,17.4
ACT,70351,2019-08-25,0.1,18.3
ACT,70351,2019-08-26,5.1,13.7
ACT,70351,2019-08-27,5,13.2
ACT,70351,2019-08-28,1.6,17
ACT,70351,2019-08-29,0.7,13.8
ACT,70351,2019-08-30,1.3,14.5
ACT,70351,2019-08-31,0.6,17.2
ACT,70351,2019-09-01,-2.3,19.8
ACT,70351,2019-09-02,0.5,19
ACT,70351,2019-09-03,2.9,21.7
ACT,70351,2019-09-04,-0.3,22.2
ACT,70351,2019-09-05,1.5,21.2
ACT,70351,2019-09-06,5.7,20.1
ACT,70351,2019-09-07,5,11.8
ACT,70351,2019-09-08,4,13.4
ACT,70351,2019-09-09,3.7,14.1
ACT,70351,2019-09-10,-0.5,16.3
ACT,70351,2019-09-11,-3.1,19.4
ACT,70351,2019-09-12,-0.9,19.2
ACT,70351,2019-09-13,-2.8,22.3
ACT,70351,2019-09-14,-0.5,21.8
ACT,70351,2019-09-15,-0.4,24
ACT,70351,2019-09-16,5.4,24.7
ACT,70351,2019-09-17,0.8,11.3
ACT,70351,2019-09-18,1.5,15.9
ACT,70351,2019-09-19,10,20.1
ACT,70351,2019-09-20,5.6,23.3
ACT,70351,2019-09-21,10.1,18.7
ACT,70351,2019-09-22,6.9,17.2
ACT,70351,2019-09-23,0.1,13.6
ACT,70351,2019-09-24,-2.9,16.9
ACT,70351,2019-09-25,-0.9,17.9
ACT,70351,2019-09-26,4.4,18.2
ACT,70351,2019-09-27,0.7,20.8
ACT,70351,2019-09-28,3.7,18.1
ACT,70351,2019-09-29,2.2,20.2
ACT,70351,2019-09-30,3.6,19.7
ACT,70351,2019-10-01,5.6,21.1
ACT,70351,2019-10-02,1.8,24.7
ACT,70351,2019-10-03,4.2,28
ACT,70351,2019-10-04,5.7,28.1
ACT,70351,2019-10-05,12.1,19.2
ACT,70351,2019-10-06,11.4,30.4
ACT,70351,2019-10-07,8.6,23.7
ACT,70351,2019-10-08,8.4,18.7
ACT,70351,2019-10-09,1.7,16.3
ACT,70351,2019-10-10,1,19.2
ACT,70351,2019-10-11,8.5,17.1
ACT,70351,2019-10-12,6.6,15.9
ACT,70351,2019-10-13,1.8,19.8
ACT,70351,2019-10-14,4.3,22.7
ACT,70351,2019-10-15,6.6,28
ACT,70351,2019-10-16,7.8,24.8
ACT,70351,2019-10-17,9.5,16.1
ACT,70351,2019-10-18,5.8,21
ACT,70351,2019-10-19,8.8,19.2
ACT,70351,2019-10-20,-0.2,20.9
ACT,70351,2019-10-21,3.1,26.7
ACT,70351,2019-10-22,5.8,28.5
ACT,70351,2019-10-23,5.8,29.2
ACT,70351,2019-10-24,6.8,31.2
ACT,70351,2019-10-25,9.1,31.1
ACT,70351,2019-10-26,12.3,18.2
ACT,70351,2019-10-27,4.6,20.5
ACT,70351,2019-10-28,3.7,22.9
ACT,70351,2019-10-29,5.6,27.4
ACT,70351,2019-10-30,8.8,29.3
ACT,70351,2019-10-31,7,31.7
ACT,70351,2019-11-01,10.4,32.5
ACT,70351,2019-11-02,13.9,31.3
ACT,70351,2019-11-03,15.8,25.8
ACT,70351,2019-11-04,11.5,22.6
ACT,70351,2019-11-05,8.6,19
ACT,70351,2019-11-06,7.2,23.7
ACT,70351,2019-11-07,11.3,19.4
ACT,70351,2019-11-08,12.7,18.8
ACT,70351,2019-11-09,1.6,16.7
ACT,70351,2019-11-10,8.4,20.4
ACT,70351,2019-11-11,3.7,26.4
ACT,70351,2019-11-12,5.8,26.6
ACT,70351,2019-11-13,6.7,20.8
ACT,70351,2019-11-14,7.1,24.7
ACT,70351,2019-11-15,11.8,25.7
ACT,70351,2019-11-16,8.4,25.7
ACT,70351,2019-11-17,9.6,25.1
ACT,70351,2019-11-18,6.8,27
ACT,70351,2019-11-19,8.4,32.5
ACT,70351,2019-11-20,8.4,31.4
ACT,70351,2019-11-21,10.9,39
ACT,70351,2019-11-22,16.9,34.9
ACT,70351,2019-11-23,12.9,33.1
ACT,70351,2019-11-24,8.1,28.6
ACT,70351,2019-11-25,10.7,31.5
ACT,70351,2019-11-26,15.4,27.3
ACT,70351,2019-11-27,1.6,27.1
ACT,70351,2019-11-28,5.6,30.3
ACT,70351,2019-11-29,12.6,33.1
ACT,70351,2019-11-30,11.8,23.8
ACT,70351,2019-12-01,4.6,21.5
ACT,70351,2019-12-02,7.4,15.1
ACT,70351,2019-12-03,8.5,20.8
ACT,70351,2019-12-04,12.6,24.1
ACT,70351,2019-12-05,11.2,28.2
ACT,70351,2019-12-06,15.7,28
ACT,70351,2019-12-07,11.1,29.7
ACT,70351,2019-12-08,11.1,29.9
ACT,70351,2019-12-09,14.9,34.9
ACT,70351,2019-12-10,12.2,38.1
ACT,70351,2019-12-11,11.3,32.7
ACT,70351,2019-12-12,12.8,30.5
ACT,70351,2019-12-13,12.8,27.8
ACT,70351,2019-12-14,9.2,29.6
ACT,70351,2019-12-15,12.9,29
ACT,70351,2019-12-16,10.6,32
ACT,70351,2019-12-17,12.1,32.5
ACT,70351,2019-12-18,12.2,36.8
ACT,70351,2019-12-19,15.8,39.3
ACT,70351,2019-12-20,12.8,39
ACT,70351,2019-12-21,14.7,41.1
ACT,70351,2019-12-22,15.5,24.9
ACT,70351,2019-12-23,8.6,32.4
ACT,70351,2019-12-24,15.3,28.8
ACT,70351,2019-12-25,15.1,32.2
ACT,70351,2019-12-26,15.6,35
ACT,70351,2019-12-27,15.3,36.8
ACT,70351,2019-12-28,17.1,37.7
ACT,70351,2019-12-29,19.6,36.1
ACT,70351,2019-12-30,17.6,39.8
ACT,70351,2019-12-31,19.8,38
ACT,70351,2020-01-01,13.5,33.2
ACT,70351,2020-01-02,10.7,33.2
ACT,70351,2020-01-03,15.6,37.8
ACT,70351,2020-01-04,18.5,44
ACT,70351,2020-01-05,17.3,21.7
ACT,70351,2020-01-06,14.3,21.5
ACT,70351,2020-01-07,15,35
ACT,70351,2020-01-08,16.3,34.9
ACT,70351,2020-01-09,15.7,26.1
ACT,70351,2020-01-10,17.8,39.4
ACT,70351,2020-01-11,15.5,28.3
ACT,70351,2020-01-12,14.4,22.1
ACT,70351,2020-01-13,9.7,26.9
ACT,70351,2020-01-14,12.7,32.1
ACT,70351,2020-01-15,15.3,33.2
ACT,70351,2020-01-16,15.9,29.3
ACT,70351,2020-01-17,16.5,24.8
ACT,70351,2020-01-18,17.1,25.3
ACT,70351,2020-01-19,13.6,31.3
ACT,70351,2020-01-20,16,27.9
ACT,70351,2020-01-21,14,27.6
ACT,70351,2020-01-22,11.8,34.3
ACT,70351,2020-01-23,19.1,34.9
ACT,70351,2020-01-24,14.8,28.8
ACT,70351,2020-01-25,16.4,33.7
ACT,70351,2020-01-26,16.9,34.7
ACT,70351,2020-01-27,14.2,35.9
ACT,70351,2020-01-28,20.5,34.4
ACT,70351,2020-01-29,13.3,32
ACT,70351,2020-01-30,13.4,37.3
ACT,70351,2020-01-31,16.7,41.9
ACT,70351,2020-02-01,25.5,42.7
ACT,70351,2020-02-02,26.7,33.7
ACT,70351,2020-02-03,15.3,29.2
ACT,70351,2020-02-04,7,25.3
ACT,70351,2020-02-05,10,29.1
ACT,70351,2020-02-06,15.7,25.4
ACT,70351,2020-02-07,16.4,23.7
ACT,70351,2020-02-08,16.3,23.9
ACT,70351,2020-02-09,15.5,18.4
ACT,70351,2020-02-10,15.4,27.6
ACT,70351,2020-02-11,17.2,28.7
ACT,70351,2020-02-12,17.3,28.2
ACT,70351,2020-02-13,19.4,27.4
ACT,70351,2020-02-14,14.5,29.2
ACT,70351,2020-02-15,18.1,29.8
ACT,70351,2020-02-16,15.9,26
ACT,70351,2020-02-17,16.6,26.3
ACT,70351,2020-02-18,17.8,31.2
ACT,70351,2020-02-19,14.5,21.1
ACT,70351,2020-02-20,11,25.4
ACT,70351,2020-02-21,12.1,26.5
ACT,70351,2020-02-22,13.9,26.3
ACT,70351,2020-02-23,12.7,26.5
ACT,70351,2020-02-24,13.9,29.7
ACT,70351,2020-02-25,12.7,30.6
ACT,70351,2020-02-26,18,29.8
ACT,70351,2020-02-27,10.3,26.2
ACT,70351,2020-02-28,6.8,28.3
ACT,70351,2020-02-29,10.5,26.7
ACT,70351,2020-03-01,11.9,31
ACT,70351,2020-03-02,13.1,31.1
ACT,70351,2020-03-03,14.6,19
ACT,70351,2020-03-04,14.5,19
ACT,70351,2020-03-05,15.1,19.6
ACT,70351,2020-03-06,17.3,25.5
ACT,70351,2020-03-07,14.6,23.2
ACT,70351,2020-03-08,13,20.8
ACT,70351,2020-03-09,10.9,21.1
ACT,70351,2020-03-10,8.6,23.7
ACT,70351,2020-03-11,10.6,24.1
ACT,70351,2020-03-12,8.9,24.3
ACT,70351,2020-03-13,8.9,25
ACT,70351,2020-03-14,8.6,18.2
ACT,70351,2020-03-15,4.3,19.6
ACT,70351,2020-03-16,7.2,20.5
ACT,70351,2020-03-17,7.1,22.9
ACT,70351,2020-03-18,7,25.2
ACT,70351,2020-03-19,10.6,28.1
ACT,70351,2020-03-20,15,28.6
ACT,70351,2020-03-21,7.3,24.3
ACT,70351,2020-03-22,7.6,25.4
ACT,70351,2020-03-23,11.8,21.5
ACT,70351,2020-03-24,8.7,23
ACT,70351,2020-03-25,12.9,24.9
ACT,70351,2020-03-26,9.7,20.9
ACT,70351,2020-03-27,11.5,21.5
ACT,70351,2020-03-28,5.3,22.1
ACT,70351,2020-03-29,11.1,25
ACT,70351,2020-03-30,15.2,23.7
ACT,70351,2020-03-31,13.4,23.6
ACT,70351,2020-04-01,10.1,25.8
ACT,70351,2020-04-02,13.8,20
ACT,70351,2020-04-03,11.3,16.9
ACT,70351,2020-04-04,12.8,16.6
ACT,70351,2020-04-05,9,14.3
ACT,70351,2020-04-06,10.3,18.5
ACT,70351,2020-04-07,6.1,18
ACT,70351,2020-04-08,12.2,18.9
ACT,70351,2020-04-09,10.3,20.5
ACT,70351,2020-04-10,12.5,18.5
ACT,70351,2020-04-11,11.1,17
ACT,70351,2020-04-12,0.6,17.1
ACT,70351,2020-04-13,3.4,17.4
ACT,70351,2020-04-14,3.7,20.3
ACT,70351,2020-04-15,7.1,24.4
ACT,70351,2020-04-16,14.1,22.6
ACT,70351,2020-04-17,10,18.8
ACT,70351,2020-04-18,7.4,18.5
ACT,70351,2020-04-19,1.3,17.9
ACT,70351,2020-04-20,7.7,18.2
ACT,70351,2020-04-21,4.1,20.8
ACT,70351,2020-04-22,6.5,20.7
ACT,70351,2020-04-23,1.4,18.7
ACT,70351,2020-04-24,6.9,22.3
ACT,70351,2020-04-25,3.1,20.8
ACT,70351,2020-04-26,8.2,17.5
ACT,70351,2020-04-27,7.2,18.5
ACT,70351,2020-04-28,4.1,21.9
ACT,70351,2020-04-29,11.4,16.8
ACT,70351,2020-04-30,8.9,9.7
ACT,70351,2020-05-01,4.6,9.4
ACT,70351,2020-05-02,5.2,10.8
ACT,70351,2020-05-03,0.4,14.2
ACT,70351,2020-05-04,-1.4,15.4
ACT,70351,2020-05-05,0.4,17.2
ACT,70351,2020-05-06,0.1,18
ACT,70351,2020-05-07,2.5,18.8
ACT,70351,2020-05-08,6.7,19.8
ACT,70351,2020-05-09,8.2,16.4
ACT,70351,2020-05-10,3.6,11.6
ACT,70351,2020-05-11,-3,13.8
ACT,70351,2020-05-12,-2.2,14.2
ACT,70351,2020-05-13,3.4,15
ACT,70351,2020-05-14,2.4,15
ACT,70351,2020-05-15,0.8,15
ACT,70351,2020-05-16,2.2,16.1
ACT,70351,2020-05-17,-0.5,17.1
ACT,70351,2020-05-18,0.3,17.3
ACT,70351,2020-05-19,2.7,17.4
ACT,70351,2020-05-20,5.3,15.3
ACT,70351,2020-05-21,5.8,14.3
ACT,70351,2020-05-22,6,12.9
ACT,70351,2020-05-23,7.5,11.3
ACT,70351,2020-05-24,7.8,14.1
ACT,70351,2020-05-25,3.8,13.6
ACT,70351,2020-05-26,3.8,15.2
ACT,70351,2020-05-27,3.1,14.3
ACT,70351,2020-05-28,3.1,16.6
ACT,70351,2020-05-29,-0.1,14.6
ACT,70351,2020-05-30,0.5,15.5
ACT,70351,2020-05-31,2.5,16
NSW,66062,2019-06-01,10,20.4
NSW,66062,2019-06-02,10.7,20.8
NSW,66062,2019-06-03,12.5,17.6
NSW,66062,2019-06-04,7.5,14.1
NSW,66062,2019-06-05,9.3,15.2
NSW,66062,2019-06-06,7.5,19.6
NSW,66062,2019-06-07,9.5,14.9
NSW,66062,2019-06-08,11.2,14.8
NSW,66062,2019-06-09,11.1,22.2
NSW,66062,2019-06-10,11.9,22
NSW,66062,2019-06-11,12.1,23.3
NSW,66062,2019-06-12,11.1,22
NSW,66062,2019-06-13,12.6,22.7
NSW,66062,2019-06-14,10.2,19.1
NSW,66062,2019-06-15,9,20.4
NSW,66062,2019-06-16,11.6,15.3
NSW,66062,2019-06-17,11.2,15.6
NSW,66062,2019-06-18,11.1,18.7
NSW,66062,2019-06-19,9.1,17.3
NSW,66062,2019-06-20,6.1,16.5
NSW,66062,2019-06-21,7.5,15.9
NSW,66062,2019-06-22,6.8,15.9
NSW,66062,2019-06-23,7.1,16.8
NSW,66062,2019-06-24,9.4,18
NSW,66062,2019-06-25,11.1,16.9
NSW,66062,2019-06-26,11.9,18.7
NSW,66062,2019-06-27,10.6,20.1
NSW,66062,2019-06-28,11.6,20.5
NSW,66062,2019-06-29,9.6,20.8
NSW,66062,2019-06-30,10.4,18
NSW,66062,2019-07-01,7.4,18.3
NSW,66062,2019-07-02,7.2,20.4
NSW,66062,2019-07-03,8,19.4
NSW,66062,2019-07-04,9.5,18
NSW,66062,2019-07-05,13.2,19
NSW,66062,2019-07-06,11,18.6
NSW,66062,2019-07-07,11.5,19.3
NSW,66062,2019-07-08,11.6,20.8
NSW,66062,2019-07-09,9.8,18.5
NSW,66062,2019-07-10,8.1,17.6
NSW,66062,2019-07-11,10.3,19.9
NSW,66062,2019-07-12,11.8,20.1
NSW,66062,2019-07-13,12,15.6
NSW,66062,2019-07-14,7.2,17.4
NSW,66062,2019-07-15,9.2,18.8
NSW,66062,2019-07-16,9,21.5
NSW,66062,2019-07-17,9.6,19.8
NSW,66062,2019-07-18,10.2,20.8
NSW,66062,2019-07-19,6.4,20.9
NSW,66062,2019-07-20,7,21.1
NSW,66062,2019-07-21,8.4,23.9
NSW,66062,2019-07-22,11.7,23.4
NSW,66062,2019-07-23,10.1,23.6
NSW,66062,2019-07-24,11.4,20.6
NSW,66062,2019-07-25,8,20.3
NSW,66062,2019-07-26,8.4,18.6
NSW,66062,2019-07-27,9.9,20.2
NSW,66062,2019-07-28,9,20.1
NSW,66062,2019-07-29,7.9,21.3
NSW,66062,2019-07-30,9.8,15.4
NSW,66062,2019-07-31,8.8,17.6
NSW,66062,2019-08-01,9.7,20.5
NSW,66062,2019-08-02,9.7,18.9
NSW,66062,2019-08-03,8.1,22.5
NSW,66062,2019-08-04,7.9,19.3
NSW,66062,2019-08-05,9.5,19.7
NSW,66062,2019-08-06,7.4,19.3
NSW,66062,2019-08-07,7.1,23.4
NSW,66062,2019-08-08,9.9,20.2
NSW,66062,2019-08-09,12.5,17.2
NSW,66062,2019-08-10,9.5,15.5
NSW,66062,2019-08-11,8.8,16.1
NSW,66062,2019-08-12,9.3,19
NSW,66062,2019-08-13,7.5,18.6
NSW,66062,2019-08-14,7.6,19.3
NSW,66062,2019-08-15,6.4,21.1
NSW,66062,2019-08-16,7,24.6
NSW,66062,2019-08-17,11.2,20.4
NSW,66062,2019-08-18,9.3,19.9
NSW,66062,2019-08-19,11.5,16.8
NSW,66062,2019-08-20,7.9,21.7
NSW,66062,2019-08-21,9.4,22
NSW,66062,2019-08-22,12.3,18.6
NSW,66062,2019-08-23,6.9,19.7
NSW,66062,2019-08-24,6.6,25.5
NSW,66062,2019-08-25,10.1,22.9
NSW,66062,2019-08-26,13.4,15.8
NSW,66062,2019-08-27,12.5,17.5
NSW,66062,2019-08-28,9.8,21.1
NSW,66062,2019-08-29,10.7,14.5
NSW,66062,2019-08-30,11.1,14.8
NSW,66062,2019-08-31,11.9,17.3
NSW,66062,2019-09-01,9.9,23.4
NSW,66062,2019-09-02,11.8,20.6
NSW,66062,2019-09-03,10.6,23.2
NSW,66062,2019-09-04,10.4,27.7
NSW,66062,2019-09-05,14.9,20.8
NSW,66062,2019-09-06,14.4,28.8
NSW,66062,2019-09-07,11,19.2
NSW,66062,2019-09-08,11.7,19.9
NSW,66062,2019-09-09,11,17.4
NSW,66062,2019-09-10,8.3,17.4
NSW,66062,2019-09-11,8.1,19.2
NSW,66062,2019-09-12,9.1,26.8
NSW,66062,2019-09-13,13.7,19.6
NSW,66062,2019-09-14,11.7,20.5
NSW,66062,2019-09-15,9.5,27.7
NSW,66062,2019-09-16,15.7,27
NSW,66062,2019-09-17,8.8,14.6
NSW,66062,2019-09-18,10.6,17.9
NSW,66062,2019-09-19,14.5,20.6
NSW,66062,2019-09-20,16.3,20.6
NSW,66062,2019-09-21,17.5,23
NSW,66062,2019-09-22,18.4,22.5
NSW,66062,2019-09-23,12.4,22.4
NSW,66062,2019-09-24,9.5,20.7
NSW,66062,2019-09-25,9.7,21.9
NSW,66062,2019-09-26,12.6,20.8
NSW,66062,2019-09-27,13.9,25.3
NSW,66062,2019-09-28,15.3,21.7
NSW,66062,2019-09-29,11.3,21.1
NSW,66062,2019-09-30,14.5,18.6
NSW,66062,2019-10-01,12.3,19.8
NSW,66062,2019-10-02,11.9,22
NSW,66062,2019-10-03,14.2,29.3
NSW,66062,2019-10-04,17.9,33.5
NSW,66062,2019-10-05,15.1,19.4
NSW,66062,2019-10-06,15.2,22.2
NSW,66062,2019-10-07,16.7,23.9
NSW,66062,2019-10-08,16.6,24
NSW,66062,2019-10-09,10.6,19.3
NSW,66062,2019-10-10,11.2,21.1
NSW,66062,2019-10-11,11.8,18.3
NSW,66062,2019-10-12,12,20.4
NSW,66062,2019-10-13,11.2,19.2
NSW,66062,2019-10-14,12,21.9
NSW,66062,2019-10-15,15.4,24
NSW,66062,2019-10-16,17.5,23
NSW,66062,2019-10-17,17.3,28.4
NSW,66062,2019-10-18,12.2,24.3
NSW,66062,2019-10-19,14.5,28.7
NSW,66062,2019-10-20,12.6,22.3
NSW,66062,2019-10-21,11.9,22.6
NSW,66062,2019-10-22,13,23.7
NSW,66062,2019-10-23,15.7,24.2
NSW,66062,2019-10-24,18.5,27.5
NSW,66062,2019-10-25,17.4,37.2
NSW,66062,2019-10-26,23,31.4
NSW,66062,2019-10-27,15.8,23.5
NSW,66062,2019-10-28,13.4,23
NSW,66062,2019-10-29,13.9,24.5
NSW,66062,2019-10-30,16.6,26.4
NSW,66062,2019-10-31,18,26
NSW,66062,2019-11-01,18.1,25.1
NSW,66062,2019-11-02,18,26.7
NSW,66062,2019-11-03,18.4,30
NSW,66062,2019-11-04,16.2,24.7
NSW,66062,2019-11-05,14.8,20.3
NSW,66062,2019-11-06,12,27.7
NSW,66062,2019-11-07,18.7,31.7
NSW,66062,2019-11-08,18.5,30.7
NSW,66062,2019-11-09,12.6,21.9
NSW,66062,2019-11-10,14.5,25.2
NSW,66062,2019-11-11,14.7,26.9
NSW,66062,2019-11-12,16.4,36.5
NSW,66062,2019-11-13,14.8,24.2
NSW,66062,2019-11-14,15.7,24.9
NSW,66062,2019-11-15,16,31.1
NSW,66062,2019-11-16,17.3,22.6
NSW,66062,2019-11-17,18.3,23.4
NSW,66062,2019-11-18,16,26.2
NSW,66062,2019-11-19,16.3,32.2
NSW,66062,2019-11-20,18,23.9
NSW,66062,2019-11-21,16.5,26.6
NSW,66062,2019-11-22,20.3,25.8
NSW,66062,2019-11-23,18.7,21.9
NSW,66062,2019-11-24,18.7,25.3
NSW,66062,2019-11-25,18.6,28.5
NSW,66062,2019-11-26,19.2,35.4
NSW,66062,2019-11-27,14.8,22.5
NSW,66062,2019-11-28,15,24.6
NSW,66062,2019-11-29,20.6,27.6
NSW,66062,2019-11-30,19.6,23.6
NSW,66062,2019-12-01,17.4,22
NSW,66062,2019-12-02,16.7,23.1
NSW,66062,2019-12-03,14.1,28.4
NSW,66062,2019-12-04,17.8,30.6
NSW,66062,2019-12-05,16.1,34.4
NSW,66062,2019-12-06,18.3,24.7
NSW,66062,2019-12-07,18.6,25.1
NSW,66062,2019-12-08,19.9,24.5
NSW,66062,2019-12-09,20.6,24.6
NSW,66062,2019-12-10,18.9,30.1
NSW,66062,2019-12-11,18.4,24.7
NSW,66062,2019-12-12,18.6,22.8
NSW,66062,2019-12-13,18.4,23.4
NSW,66062,2019-12-14,19.6,26
NSW,66062,2019-12-15,20.6,26.5
NSW,66062,2019-12-16,19.5,24.1
NSW,66062,2019-12-17,16.8,24.1
NSW,66062,2019-12-18,17,26.2
NSW,66062,2019-12-19,19.1,39.3
NSW,66062,2019-12-20,19.2,25.9
NSW,66062,2019-12-21,21.1,28.7
NSW,66062,2019-12-22,18.6,23.5
NSW,66062,2019-12-23,17,24
NSW,66062,2019-12-24,19.2,26.9
NSW,66062,2019-12-25,21.7,26.6
NSW,66062,2019-12-26,21,27.2
NSW,66062,2019-12-27,21,27
NSW,66062,2019-12-28,20.1,28.7
NSW,66062,2019-12-29,20.1,26.3
NSW,66062,2019-12-30,20.1,27.3
NSW,66062,2019-12-31,20.7,35.3
NSW,66062,2020-01-01,19.2,26.2
NSW,66062,2020-01-02,19.5,25.8
NSW,66062,2020-01-03,22.1,28.6
NSW,66062,2020-01-04,21.3,35.9
NSW,66062,2020-01-05,21.6,27.4
NSW,66062,2020-01-06,19.8,25.1
NSW,66062,2020-01-07,20.2,27.3
NSW,66062,2020-01-08,21.3,28
NSW,66062,2020-01-09,21.4,26.7
NSW,66062,2020-01-10,21.7,28.7
NSW,66062,2020-01-11,19.3,23.3
NSW,66062,2020-01-12,19.2,22.2
NSW,66062,2020-01-13,17.4,25.9
NSW,66062,2020-01-14,19.2,26.3
NSW,66062,2020-01-15,19.1,26.2
NSW,66062,2020-01-16,21.5,26.5
NSW,66062,2020-01-17,18.8,22.1
NSW,66062,2020-01-18,18.6,23
NSW,66062,2020-01-19,19,26.5
NSW,66062,2020-01-20,20.4,27.7
NSW,66062,2020-01-21,19.8,32
NSW,66062,2020-01-22,20.4,31.8
NSW,66062,2020-01-23,23.1,41.3
NSW,66062,2020-01-24,23.2,26.5
NSW,66062,2020-01-25,22.5,28.6
NSW,66062,2020-01-26,24.5,32
NSW,66062,2020-01-27,22.8,29.3
NSW,66062,2020-01-28,23.2,30.3
NSW,66062,2020-01-29,23.2,29.3
NSW,66062,2020-01-30,20.2,28.7
NSW,66062,2020-01-31,23.5,30.8
NSW,66062,2020-02-01,24.1,34.8
NSW,66062,2020-02-02,24.8,30.7
NSW,66062,2020-02-03,22.3,31.4
NSW,66062,2020-02-04,18.4,24
NSW,66062,2020-02-05,18,25.8
NSW,66062,2020-02-06,20.8,24.1
NSW,66062,2020-02-07,18.7,22.9
NSW,66062,2020-02-08,19.1,23.9
NSW,66062,2020-02-09,19.4,22.3
NSW,66062,2020-02-10,19.3,26.9
NSW,66062,2020-02-11,21.1,30.6
NSW,66062,2020-02-12,22.2,26
NSW,66062,2020-02-13,21.9,26.2
NSW,66062,2020-02-14,20.5,27.8
NSW,66062,2020-02-15,18.7,28.3
NSW,66062,2020-02-16,20.4,27.7
NSW,66062,2020-02-17,20.8,25.3
NSW,66062,2020-02-18,20.5,29.4
NSW,66062,2020-02-19,20.3,29.4
NSW,66062,2020-02-20,18.2,25.6
NSW,66062,2020-02-21,20.1,25.3
NSW,66062,2020-02-22,18.7,23.6
NSW,66062,2020-02-23,19.5,25.4
NSW,66062,2020-02-24,19.4,28
NSW,66062,2020-02-25,20.4,28.4
NSW,66062,2020-02-26,22,33
NSW,66062,2020-02-27,20.2,25.8
NSW,66062,2020-02-28,18.7,26
NSW,66062,2020-02-29,19.3,26.2
NSW,66062,2020-03-01,19,28
NSW,66062,2020-03-02,20.6,37.6
NSW,66062,2020-03-03,20.6,22.2
NSW,66062,2020-03-04,18.7,24.8
NSW,66062,2020-03-05,20,22.9
NSW,66062,2020-03-06,20.9,27.9
NSW,66062,2020-03-07,19.6,25.1
NSW,66062,2020-03-08,16.7,23.4
NSW,66062,2020-03-09,16.9,22.4
NSW,66062,2020-03-10,16.8,23.6
NSW,66062,2020-03-11,15.6,25.2
NSW,66062,2020-03-12,17.3,25.3
NSW,66062,2020-03-13,15.4,25.1
NSW,66062,2020-03-14,17.5,17.9
NSW,66062,2020-03-15,13.3,20.7
NSW,66062,2020-03-16,15.9,22.3
NSW,66062,2020-03-17,15.1,23.7
NSW,66062,2020-03-18,15,25.4
NSW,66062,2020-03-19,16.4,32.5
NSW,66062,2020-03-20,19.7,35
NSW,66062,2020-03-21,18.6,26
NSW,66062,2020-03-22,18.2,29.5
NSW,66062,2020-03-23,18.5,23.4
NSW,66062,2020-03-24,16.6,21.7
NSW,66062,2020-03-25,17.6,25.9
NSW,66062,2020-03-26,16.9,22.4
NSW,66062,2020-03-27,17.7,23.9
NSW,66062,2020-03-28,15.2,24.3
NSW,66062,2020-03-29,17.6,24.8
NSW,66062,2020-03-30,19.4,24.9
NSW,66062,2020-03-31,17.6,27.9
NSW,66062,2020-04-01,20.2,24.2
NSW,66062,2020-04-02,19.4,24.8
NSW,66062,2020-04-03,17.8,25.8
NSW,66062,2020-04-04,19.7,26.1
NSW,66062,2020-04-05,14.1,25
NSW,66062,2020-04-06,14.6,25.2
NSW,66062,2020-04-07,15.4,21.9
NSW,66062,2020-04-08,15.9,20.2
NSW,66062,2020-04-09,16.5,22.2
NSW,66062,2020-04-10,18,23.6
NSW,66062,2020-04-11,13.9,26.6
NSW,66062,2020-04-12,12.4,22.4
NSW,66062,2020-04-13,11.3,21.5
NSW,66062,2020-04-14,13,24.3
NSW,66062,2020-04-15,15.2,25.2
NSW,66062,2020-04-16,17.9,25.8
NSW,66062,2020-04-17,17.8,28.1
NSW,66062,2020-04-18,13.8,24.7
NSW,66062,2020-04-19,12.6,22.6
NSW,66062,2020-04-20,13.9,19.6
NSW,66062,2020-04-21,14.3,25.3
NSW,66062,2020-04-22,14.8,26.5
NSW,66062,2020-04-23,13.4,26.4
NSW,66062,2020-04-24,15.9,29.2
NSW,66062,2020-04-25,14.5,24.9
NSW,66062,2020-04-26,16.4,28.3
NSW,66062,2020-04-27,16.3,21.7
NSW,66062,2020-04-28,17.2,23
NSW,66062,2020-04-29,17.4,24.3
NSW,66062,2020-04-30,20,21.1
NSW,66062,2020-05-01,10.4,16.9
NSW,66062,2020-05-02,12.6,18.7
NSW,66062,2020-05-03,11.2,20.4
NSW,66062,2020-05-04,9.5,19.9
NSW,66062,2020-05-05,11.9,21.2
NSW,66062,2020-05-06,11.4,24.2
NSW,66062,2020-05-07,11.7,25
NSW,66062,2020-05-08,14.1,28.5
NSW,66062,2020-05-09,17.2,27
NSW,66062,2020-05-10,12.1,19.4
NSW,66062,2020-05-11,7.8,19.9
NSW,66062,2020-05-12,8.4,21.5
NSW,66062,2020-05-13,10.3,19.4
NSW,66062,2020-05-14,10.4,18.2
NSW,66062,2020-05-15,10,15.6
NSW,66062,2020-05-16,11.1,18.5
NSW,66062,2020-05-17,10.1,21
NSW,66062,2020-05-18,11.5,19.6
NSW,66062,2020-05-19,13.9,20.6
NSW,66062,2020-05-20,13.3,24.5
NSW,66062,2020-05-21,14.9,18.1
NSW,66062,2020-05-22,9.1,16
NSW,66062,2020-05-23,11.4,17.3
NSW,66062,2020-05-24,13.9,17.4
NSW,66062,2020-05-25,13.5,15.6
NSW,66062,2020-05-26,13.5,20.1
NSW,66062,2020-05-27,11.7,20.5
NSW,66062,2020-05-28,11.3,22.8
NSW,66062,2020-05-29,11.8,15.9
NSW,66062,2020-05-30,10.9,19.7
NSW,66062,2020-05-31,12.5,22.6
VIC,86338,2020-05-01,7.6,13
VIC,86338,2020-05-02,8.3,14.2
VIC,86338,2020-05-03,9.8,15
VIC,86338,2020-05-04,9.4,14.8
VIC,86338,2020-05-05,8,19.5
VIC,86338,2020-05-06,10.2,20.1
VIC,86338,2020-05-07,15.1,21.1
VIC,86338,2020-05-08,12.6,19.6
VIC,86338,2020-05-09,12.6,14
VIC,86338,2020-05-10,7.2,14.5
VIC,86338,2020-05-11,7.8,17.1
VIC,86338,2020-05-12,10.3,14.8
VIC,86338,2020-05-13,10.4,14.5
VIC,86338,2020-05-14,6.6,14.7
VIC,86338,2020-05-15,4.5,15.3
VIC,86338,2020-05-16,4.5,18
VIC,86338,2020-05-17,5.1,18.5
VIC,86338,2020-05-18,5.5,19.4
VIC,86338,2020-05-19,8.1,17.7
VIC,86338,2020-05-20,10.3,15.8
VIC,86338,2020-05-21,9.4,13.7
VIC,86338,2020-05-22,9.1,13.6
VIC,86338,2020-05-23,9.4,13.5
VIC,86338,2020-05-24,10.9,13.8
VIC,86338,2020-05-25,5.5,16
VIC,86338,2020-05-26,5.4,18.5
VIC,86338,2020-05-27,5.9,17.1
VIC,86338,2020-05-28,12.1,17.6
VIC,86338,2020-05-29,7.2,17.1
VIC,86338,2020-05-30,8.1,17.1
VIC,86338,2020-05-31,12.4,17.8
VIC,86338,2020-04-01,11,23.1
VIC,86338,2020-04-02,12.4,20.7
VIC,86338,2020-04-03,13.7,23.2
VIC,86338,2020-04-04,12.8,16.6
VIC,86338,2020-04-05,9.5,16.9
VIC,86338,2020-04-06,10.7,16.5
VIC,86338,2020-04-07,11.9,16.4
VIC,86338,2020-04-08,11.7,18.6
VIC,86338,2020-04-09,8.9,21.2
VIC,86338,2020-04-10,12.7,22
VIC,86338,2020-04-11,13,15.7
VIC,86338,2020-04-12,11,15.3
VIC,86338,2020-04-13,12.2,18.3
VIC,86338,2020-04-14,12.1,23.4
VIC,86338,2020-04-15,15.6,23.5
VIC,86338,2020-04-16,15.4,21.5
VIC,86338,2020-04-17,11.4,18.4
VIC,86338,2020-04-18,12.9,16.4
VIC,86338,2020-04-19,11.2,19.4
VIC,86338,2020-04-20,12,20.8
VIC,86338,2020-04-21,8.5,19.6
VIC,86338,2020-04-22,12.8,18.2
VIC,86338,2020-04-23,9.6,19.7
VIC,86338,2020-04-24,15.1,22.3
VIC,86338,2020-04-25,10.5,21.7
VIC,86338,2020-04-26,15.4,17.7
VIC,86338,2020-04-27,8.1,18.1
VIC,86338,2020-04-28,7.1,18.9
VIC,86338,2020-04-29,11.2,19.8
VIC,86338,2020-04-30,8.9,15.5
VIC,86338,2020-03-01,13.2,32.1
VIC,86338,2020-03-02,14.2,18.4
VIC,86338,2020-03-03,14.7,19.5
VIC,86338,2020-03-04,13.6,23.5
VIC,86338,2020-03-05,15.4,20.3
VIC,86338,2020-03-06,15.9,19
VIC,86338,2020-03-07,15.4,20
VIC,86338,2020-03-08,13.9,22.4
VIC,86338,2020-03-09,12.3,21
VIC,86338,2020-03-10,10.3,22.3
VIC,86338,2020-03-11,12.6,29.5
VIC,86338,2020-03-12,16.6,29.5
VIC,86338,2020-03-13,19.1,26.8
VIC,86338,2020-03-14,13.1,17.9
VIC,86338,2020-03-15,12.7,18.8
VIC,86338,2020-03-16,9.3,26.5
VIC,86338,2020-03-17,11.6,28.2
VIC,86338,2020-03-18,17.7,28.3
VIC,86338,2020-03-19,18.7,30.4
VIC,86338,2020-03-20,16.1,22.7
VIC,86338,2020-03-21,14.6,18.4
VIC,86338,2020-03-22,12.1,18.3
VIC,86338,2020-03-23,12.7,17.1
VIC,86338,2020-03-24,8.5,17.9
VIC,86338,2020-03-25,10.8,17.5
VIC,86338,2020-03-26,13.7,19.8
VIC,86338,2020-03-27,13.6,27.6
VIC,86338,2020-03-28,14.8,27.5
VIC,86338,2020-03-29,16.5,26.4
VIC,86338,2020-03-30,15.9,21.7
VIC,86338,2020-03-31,12.2,21.4
VIC,86338,2020-02-01,23.5,29.3
VIC,86338,2020-02-02,14.2,25.1
VIC,86338,2020-02-03,13.2,17.7
VIC,86338,2020-02-04,11.3,19.7
VIC,86338,2020-02-05,10.8,20.1
VIC,86338,2020-02-06,13.7,25.5
VIC,86338,2020-02-07,16.5,23.2
VIC,86338,2020-02-08,17.4,29.4
VIC,86338,2020-02-09,19.6,28.2
VIC,86338,2020-02-10,18.5,27.7
VIC,86338,2020-02-11,19.5,25.9
VIC,86338,2020-02-12,19.1,27.7
VIC,86338,2020-02-13,19.4,31.7
VIC,86338,2020-02-14,20.3,33.7
VIC,86338,2020-02-15,18.9,19.3
VIC,86338,2020-02-16,16.9,26.4
VIC,86338,2020-02-17,15.2,25.6
VIC,86338,2020-02-18,17.6,21.8
VIC,86338,2020-02-19,13.3,19.7
VIC,86338,2020-02-20,14.2,18.7
VIC,86338,2020-02-21,13.5,19.6
VIC,86338,2020-02-22,11.4,21.1
VIC,86338,2020-02-23,13.3,34
VIC,86338,2020-02-24,16.8,23.7
VIC,86338,2020-02-25,18.4,31.6
VIC,86338,2020-02-26,16.2,19.2
VIC,86338,2020-02-27,11,19.7
VIC,86338,2020-02-28,13.1,20.1
VIC,86338,2020-02-29,14.7,22.4
VIC,86338,2020-01-01,11.8,24.9
VIC,86338,2020-01-02,12.8,25
VIC,86338,2020-01-03,13.7,36.6
VIC,86338,2020-01-04,18.6,26.8
VIC,86338,2020-01-05,12.7,16.7
VIC,86338,2020-01-06,11.9,18
VIC,86338,2020-01-07,12.6,20.1
VIC,86338,2020-01-08,16.8,23.8
VIC,86338,2020-01-09,17.9,31.9
VIC,86338,2020-01-10,20.1,32.9
VIC,86338,2020-01-11,13.5,19.3
VIC,86338,2020-01-12,14.2,19.9
VIC,86338,2020-01-13,12.7,32.2
VIC,86338,2020-01-14,16.7,33.8
VIC,86338,2020-01-15,19.5,36.8
VIC,86338,2020-01-16,15.7,19.6
VIC,86338,2020-01-17,14.4,24.8
VIC,86338,2020-01-18,13.9,29.4
VIC,86338,2020-01-19,17.5,25.5
VIC,86338,2020-01-20,19.1,21.8
VIC,86338,2020-01-21,14.8,23.5
VIC,86338,2020-01-22,14.1,31.7
VIC,86338,2020-01-23,12.9,22.6
VIC,86338,2020-01-24,11.7,24.1
VIC,86338,2020-01-25,13,27.4
VIC,86338,2020-01-26,15.8,23.6
VIC,86338,2020-01-27,12.8,23.1
VIC,86338,2020-01-28,13.6,25.4
VIC,86338,2020-01-29,15.2,31.5
VIC,86338,2020-01-30,16.4,39.4
VIC,86338,2020-01-31,21.5,42.9
VIC,86338,2019-12-01,12.2,16.8
VIC,86338,2019-12-02,9.8,15.5
VIC,86338,2019-12-03,11,22.2
VIC,86338,2019-12-04,12.1,23
VIC,86338,2019-12-05,12.3,23.9
VIC,86338,2019-12-06,13.3,20.8
VIC,86338,2019-12-07,11.2,21
VIC,86338,2019-12-08,13.8,27.6
VIC,86338,2019-12-09,16.3,38
VIC,86338,2019-12-10,14.3,17.2
VIC,86338,2019-12-11,13.4,18.1
VIC,86338,2019-12-12,13.4,18.4
VIC,86338,2019-12-13,11.4,20.9
VIC,86338,2019-12-14,14.1,20.1
VIC,86338,2019-12-15,15.1,21.7
VIC,86338,2019-12-16,13,22.6
VIC,86338,2019-12-17,12.6,26.3
VIC,86338,2019-12-18,15.9,40.1
VIC,86338,2019-12-19,17.2,23.3
VIC,86338,2019-12-20,13.7,43.5
VIC,86338,2019-12-21,16.9,20.2
VIC,86338,2019-12-22,13.1,19.6
VIC,86338,2019-12-23,12.1,20
VIC,86338,2019-12-24,14.1,24.5
VIC,86338,2019-12-25,14,27.9
VIC,86338,2019-12-26,16.5,20.5
VIC,86338,2019-12-27,13.6,23.9
VIC,86338,2019-12-28,16.7,28.4
VIC,86338,2019-12-29,16.8,33.2
VIC,86338,2019-12-30,19.7,40.8
VIC,86338,2019-12-31,15.3,21.2
VIC,86338,2019-11-01,20,34.3
VIC,86338,2019-11-02,15.8,18.9
VIC,86338,2019-11-03,12.8,20.7
VIC,86338,2019-11-04,9.5,16.2
VIC,86338,2019-11-05,7.7,19.6
VIC,86338,2019-11-06,10.5,24.1
VIC,86338,2019-11-07,11.5,17.7
VIC,86338,2019-11-08,10.3,15
VIC,86338,2019-11-09,7.6,14.2
VIC,86338,2019-11-10,10.8,18.1
VIC,86338,2019-11-11,10,29.6
VIC,86338,2019-11-12,11.5,17.4
VIC,86338,2019-11-13,9.1,17.3
VIC,86338,2019-11-14,12.1,22.4
VIC,86338,2019-11-15,13,18.5
VIC,86338,2019-11-16,9.2,17.2
VIC,86338,2019-11-17,10.8,16.2
VIC,86338,2019-11-18,8.5,26.9
VIC,86338,2019-11-19,11.4,18.6
VIC,86338,2019-11-20,9.4,34.7
VIC,86338,2019-11-21,14,40.9
VIC,86338,2019-11-22,13.6,20
VIC,86338,2019-11-23,10.1,23.8
VIC,86338,2019-11-24,11.9,23.7
VIC,86338,2019-11-25,11.4,27.4
VIC,86338,2019-11-26,11.4,16.4
VIC,86338,2019-11-27,8.6,24.8
VIC,86338,2019-11-28,11.4,21.1
VIC,86338,2019-11-29,11.9,19.7
VIC,86338,2019-11-30,10.3,18.4
VIC,86338,2019-10-01,4.2,20.5
VIC,86338,2019-10-02,9.3,26.5
VIC,86338,2019-10-03,15.1,29.7
VIC,86338,2019-10-04,12.5,15.2
VIC,86338,2019-10-05,7.6,24.3
VIC,86338,2019-10-06,12.9,24.8
VIC,86338,2019-10-07,11.6,16.4
VIC,86338,2019-10-08,9.5,14.2
VIC,86338,2019-10-09,8.5,15
VIC,86338,2019-10-10,10.2,14.7
VIC,86338,2019-10-11,9.5,18.9
VIC,86338,2019-10-12,8.2,20.4
VIC,86338,2019-10-13,9.4,23.1
VIC,86338,2019-10-14,13.6,26.7
VIC,86338,2019-10-15,13,18
VIC,86338,2019-10-16,13.3,20.4
VIC,86338,2019-10-17,9.5,15.2
VIC,86338,2019-10-18,7.3,22.1
VIC,86338,2019-10-19,9.4,15.3
VIC,86338,2019-10-20,10,16.4
VIC,86338,2019-10-21,11.5,17
VIC,86338,2019-10-22,11.9,19.6
VIC,86338,2019-10-23,8.2,27.9
VIC,86338,2019-10-24,13,33.8
VIC,86338,2019-10-25,16.8,21.6
VIC,86338,2019-10-26,9.6,15.5
VIC,86338,2019-10-27,10.3,17
VIC,86338,2019-10-28,8.7,21.6
VIC,86338,2019-10-29,9.7,30.5
VIC,86338,2019-10-30,13.8,25.1
VIC,86338,2019-10-31,14.2,33.7
VIC,86338,2019-09-01,11.1,19.6
VIC,86338,2019-09-02,10.2,17.6
VIC,86338,2019-09-03,9.2,19.6
VIC,86338,2019-09-04,8.2,18.7
VIC,86338,2019-09-05,8.7,21.2
VIC,86338,2019-09-06,11.3,16
VIC,86338,2019-09-07,8.8,12.9
VIC,86338,2019-09-08,8.2,15.1
VIC,86338,2019-09-09,6.8,12.8
VIC,86338,2019-09-10,7.7,14.8
VIC,86338,2019-09-11,5,20.8
VIC,86338,2019-09-12,11.1,20.8
VIC,86338,2019-09-13,7.7,18.6
VIC,86338,2019-09-14,9.3,20
VIC,86338,2019-09-15,12.4,21.8
VIC,86338,2019-09-16,9.7,12.8
VIC,86338,2019-09-17,3.6,14.8
VIC,86338,2019-09-18,4.3,18.9
VIC,86338,2019-09-19,8.2,24
VIC,86338,2019-09-20,15.7,26.2
VIC,86338,2019-09-21,14.5,19.4
VIC,86338,2019-09-22,7.9,15.5
VIC,86338,2019-09-23,8.9,15.2
VIC,86338,2019-09-24,8.3,15.1
VIC,86338,2019-09-25,8.7,16.6
VIC,86338,2019-09-26,8.3,20.3
VIC,86338,2019-09-27,12.3,18.8
VIC,86338,2019-09-28,7.2,14.9
VIC,86338,2019-09-29,9.1,15.8
VIC,86338,2019-09-30,10.1,14.1
VIC,86338,2019-08-01,5.8,13.8
VIC,86338,2019-08-02,9.7,12.7
VIC,86338,2019-08-03,10,13.9
VIC,86338,2019-08-04,9.2,13.1
VIC,86338,2019-08-05,10,15.8
VIC,86338,2019-08-06,9.1,13.5
VIC,86338,2019-08-07,9.3,14.1
VIC,86338,2019-08-08,6.7,13.9
VIC,86338,2019-08-09,7.8,10.1
VIC,86338,2019-08-10,5.2,12.5
VIC,86338,2019-08-11,4.8,12.9
VIC,86338,2019-08-12,6.3,12
VIC,86338,2019-08-13,8.8,13.1
VIC,86338,2019-08-14,9.1,13.8
VIC,86338,2019-08-15,7.3,16.2
VIC,86338,2019-08-16,10.6,16.9
VIC,86338,2019-08-17,7,16.5
VIC,86338,2019-08-18,8.8,19.4
VIC,86338,2019-08-19,5.8,12.3
VIC,86338,2019-08-20,7.6,17
VIC,86338,2019-08-21,11.5,16.6
VIC,86338,2019-08-22,9.6,13
VIC,86338,2019-08-23,3.8,15.1
VIC,86338,2019-08-24,7.9,18
VIC,86338,2019-08-25,6.5,12.9
VIC,86338,2019-08-26,5.3,14.4
VIC,86338,2019-08-27,4.2,15.3
VIC,86338,2019-08-28,8.3,13.4
VIC,86338,2019-08-29,6.1,13
VIC,86338,2019-08-30,2.3,15.3
VIC,86338,2019-08-31,5,18.2
VIC,86338,2019-07-01,9.5,14.1
VIC,86338,2019-07-02,8.6,15.9
VIC,86338,2019-07-03,8.2,13.7
VIC,86338,2019-07-04,5.3,13.5
VIC,86338,2019-07-05,3.5,19.1
VIC,86338,2019-07-06,6,19.4
VIC,86338,2019-07-07,9,18.2
VIC,86338,2019-07-08,11,16
VIC,86338,2019-07-09,6.8,15
VIC,86338,2019-07-10,9.5,15.4
VIC,86338,2019-07-11,7.8,14.3
VIC,86338,2019-07-12,10.1,15.7
VIC,86338,2019-07-13,7,12
VIC,86338,2019-07-14,7.1,13.1
VIC,86338,2019-07-15,8.9,14.3
VIC,86338,2019-07-16,9.9,13.9
VIC,86338,2019-07-17,9.7,13.7
VIC,86338,2019-07-18,9,14.3
VIC,86338,2019-07-19,7.5,15.7
VIC,86338,2019-07-20,8,17.1
VIC,86338,2019-07-21,11.3,16.6
VIC,86338,2019-07-22,7.9,15.6
VIC,86338,2019-07-23,9.9,15.2
VIC,86338,2019-07-24,7,14.4
VIC,86338,2019-07-25,9.2,14.8
VIC,86338,2019-07-26,11,14
VIC,86338,2019-07-27,9.8,15.3
VIC,86338,2019-07-28,6.6,15.1
VIC,86338,2019-07-29,8.9,14.6
VIC,86338,2019-07-30,7.9,12.5
VIC,86338,2019-07-31,3,12.5
VIC,86338,2019-06-01,11.7,14.6
VIC,86338,2019-06-02,11,14.5
VIC,86338,2019-06-03,8.2,12
VIC,86338,2019-06-04,8.4,12.9
VIC,86338,2019-06-05,8.6,13
VIC,86338,2019-06-06,10.2,14.8
VIC,86338,2019-06-07,11.7,16.6
VIC,86338,2019-06-08,6.7,18.7
VIC,86338,2019-06-09,7.8,18
VIC,86338,2019-06-10,12,19.2
VIC,86338,2019-06-11,9.6,17.9
VIC,86338,2019-06-12,11.9,16.5
VIC,86338,2019-06-13,8.8,17.4
VIC,86338,2019-06-14,10,17.3
VIC,86338,2019-06-15,9,15.2
VIC,86338,2019-06-16,8.6,16.7
VIC,86338,2019-06-17,6.3,17.9
VIC,86338,2019-06-18,8,13.7
VIC,86338,2019-06-19,6.6,11.9
VIC,86338,2019-06-20,6.4,11.3
VIC,86338,2019-06-21,6.5,12.6
VIC,86338,2019-06-22,6.8,11.8
VIC,86338,2019-06-23,3.6,9.6
VIC,86338,2019-06-24,4.2,16
VIC,86338,2019-06-25,3.5,17
VIC,86338,2019-06-26,4.6,18
VIC,86338,2019-06-27,5.9,17.5
VIC,86338,2019-06-28,10.7,19.5
VIC,86338,2019-06-29,13,17.6
VIC,86338,2019-06-30,8.1,14.5
QLD,40913,2020-05-01,15.1,23.2
QLD,40913,2020-05-02,10.4,23.3
QLD,40913,2020-05-03,13.1,25.7
QLD,40913,2020-05-04,11.6,25.8
QLD,40913,2020-05-05,13.4,24.7
QLD,40913,2020-05-06,15.3,25.1
QLD,40913,2020-05-07,15.3,24.2
QLD,40913,2020-05-08,14.4,26.3
QLD,40913,2020-05-09,14.7,27.1
QLD,40913,2020-05-10,16.4,26
QLD,40913,2020-05-11,14.5,24.5
QLD,40913,2020-05-12,12.3,23
QLD,40913,2020-05-13,15.6,24.3
QLD,40913,2020-05-14,14.9,25.9
QLD,40913,2020-05-15,13.4,24.4
QLD,40913,2020-05-16,14.5,24.9
QLD,40913,2020-05-17,15,25.1
QLD,40913,2020-05-18,15.6,24.6
QLD,40913,2020-05-19,14.1,24.4
QLD,40913,2020-05-20,16,23.2
QLD,40913,2020-05-21,16.6,21.9
QLD,40913,2020-05-22,13.8,17.9
QLD,40913,2020-05-23,11.4,15.1
QLD,40913,2020-05-24,10.4,20.7
QLD,40913,2020-05-25,12.3,24.7
QLD,40913,2020-05-26,10.2,25.1
QLD,40913,2020-05-27,11.1,25
QLD,40913,2020-05-28,14.4,25.4
QLD,40913,2020-05-29,15.1,24.9
QLD,40913,2020-05-30,13.6,24.8
QLD,40913,2020-05-31,14.7,23.9
QLD,40913,2020-04-01,20.2,29.6
QLD,40913,2020-04-02,20,29
QLD,40913,2020-04-03,20.6,29.8
QLD,40913,2020-04-04,22.6,30.4
QLD,40913,2020-04-05,19.6,29.9
QLD,40913,2020-04-06,17.2,29.1
QLD,40913,2020-04-07,18.7,28.9
QLD,40913,2020-04-08,20,26.9
QLD,40913,2020-04-09,20.1,26.7
QLD,40913,2020-04-10,18.9,25.8
QLD,40913,2020-04-11,18.6,31.4
QLD,40913,2020-04-12,15.3,28.1
QLD,40913,2020-04-13,14.8,27
QLD,40913,2020-04-14,16.1,27.6
QLD,40913,2020-04-15,16.7,27.4
QLD,40913,2020-04-16,16.5,28.5
QLD,40913,2020-04-17,16.2,33.6
QLD,40913,2020-04-18,21,28.3
QLD,40913,2020-04-19,17,25.3
QLD,40913,2020-04-20,14.1,28.9
QLD,40913,2020-04-21,15.4,28.8
QLD,40913,2020-04-22,18.4,32.3
QLD,40913,2020-04-23,17.2,28.7
QLD,40913,2020-04-24,16.9,29.4
QLD,40913,2020-04-25,17.2,28.7
QLD,40913,2020-04-26,16,28.3
QLD,40913,2020-04-27,16.7,28.5
QLD,40913,2020-04-28,19.1,26
QLD,40913,2020-04-29,18,27.7
QLD,40913,2020-04-30,16.8,29.5
QLD,40913,2020-03-01,21.2,31.3
QLD,40913,2020-03-02,21.7,33.4
QLD,40913,2020-03-03,22.4,32.4
QLD,40913,2020-03-04,23,29.6
QLD,40913,2020-03-05,23,30.5
QLD,40913,2020-03-06,25.6,31.3
QLD,40913,2020-03-07,24.9,32.1
QLD,40913,2020-03-08,22.7,27.8
QLD,40913,2020-03-09,21,21.9
QLD,40913,2020-03-10,18.8,25.8
QLD,40913,2020-03-11,19.3,27.6
QLD,40913,2020-03-12,18.8,26.1
QLD,40913,2020-03-13,17.4,26.5
QLD,40913,2020-03-14,17.7,28.2
QLD,40913,2020-03-15,18.7,28.2
QLD,40913,2020-03-16,18.4,28
QLD,40913,2020-03-17,17.6,27
QLD,40913,2020-03-18,17.3,27.7
QLD,40913,2020-03-19,17.3,28
QLD,40913,2020-03-20,17.8,29.5
QLD,40913,2020-03-21,18.6,33
QLD,40913,2020-03-22,21.9,31.6
QLD,40913,2020-03-23,21.7,28.2
QLD,40913,2020-03-24,21.7,25.3
QLD,40913,2020-03-25,19.6,27.3
QLD,40913,2020-03-26,17.7,28.5
QLD,40913,2020-03-27,19.5,26.2
QLD,40913,2020-03-28,18.6,28
QLD,40913,2020-03-29,19.4,28.4
QLD,40913,2020-03-30,19.2,29.8
QLD,40913,2020-03-31,20.1,30.6
QLD,40913,2020-02-01,22.5,32.2
QLD,40913,2020-02-02,21.6,33.1
QLD,40913,2020-02-03,23.4,34.5
QLD,40913,2020-02-04,23.8,26.7
QLD,40913,2020-02-05,20.7,25
QLD,40913,2020-02-06,19.9,25.2
QLD,40913,2020-02-07,20.4,29.1
QLD,40913,2020-02-08,23.1,29.9
QLD,40913,2020-02-09,22.6,27.2
QLD,40913,2020-02-10,21.2,29.3
QLD,40913,2020-02-11,21.9,30
QLD,40913,2020-02-12,22.5,25.9
QLD,40913,2020-02-13,21.9,26.6
QLD,40913,2020-02-14,21.7,30.5
QLD,40913,2020-02-15,22.7,31.6
QLD,40913,2020-02-16,23.9,32.2
QLD,40913,2020-02-17,22.9,31.9
QLD,40913,2020-02-18,22.9,32.4
QLD,40913,2020-02-19,24.7,33.8
QLD,40913,2020-02-20,21.9,32.8
QLD,40913,2020-02-21,23,30.1
QLD,40913,2020-02-22,23.3,29.4
QLD,40913,2020-02-23,21.3,26.6
QLD,40913,2020-02-24,20.8,28.2
QLD,40913,2020-02-25,20.7,29.2
QLD,40913,2020-02-26,22,31.2
QLD,40913,2020-02-27,24.4,29.7
QLD,40913,2020-02-28,21.6,32
QLD,40913,2020-02-29,22.7,30
QLD,40913,2020-01-01,22.1,29.9
QLD,40913,2020-01-02,21.8,30.4
QLD,40913,2020-01-03,20.9,30.7
QLD,40913,2020-01-04,21.4,31.4
QLD,40913,2020-01-05,21.9,31.5
QLD,40913,2020-01-06,22.7,30.4
QLD,40913,2020-01-07,23.4,
QLD,40913,2020-01-08,22.2,32.1
QLD,40913,2020-01-09,23.4,31.8
QLD,40913,2020-01-10,23.9,31.8
QLD,40913,2020-01-11,24.1,32
QLD,40913,2020-01-12,23.3,29.4
QLD,40913,2020-01-13,22.6,28.8
QLD,40913,2020-01-14,21.3,30.1
QLD,40913,2020-01-15,22.1,29.1
QLD,40913,2020-01-16,22.4,27.4
QLD,40913,2020-01-17,22.3,29.6
QLD,40913,2020-01-18,20.7,28.1
QLD,40913,2020-01-19,22.6,30.3
QLD,40913,2020-01-20,25.3,32.4
QLD,40913,2020-01-21,25.5,32.8
QLD,40913,2020-01-22,23.4,33.5
QLD,40913,2020-01-23,26.7,30.7
QLD,40913,2020-01-24,25.5,32.1
QLD,40913,2020-01-25,26,31.5
QLD,40913,2020-01-26,23.1,30
QLD,40913,2020-01-27,22.6,30.4
QLD,40913,2020-01-28,23.4,31.2
QLD,40913,2020-01-29,24.1,33.4
QLD,40913,2020-01-30,23.8,32.1
QLD,40913,2020-01-31,22.8,30.7
QLD,40913,2019-12-01,22.9,31.4
QLD,40913,2019-12-02,21.8,34.5
QLD,40913,2019-12-03,20.3,35.2
QLD,40913,2019-12-04,17.4,33.9
QLD,40913,2019-12-05,18.7,37.7
QLD,40913,2019-12-06,18.5,38.6
QLD,40913,2019-12-07,22,38.1
QLD,40913,2019-12-08,22.9,32.6
QLD,40913,2019-12-09,22.5,31.7
QLD,40913,2019-12-10,23.5,33.5
QLD,40913,2019-12-11,23.1,34.4
QLD,40913,2019-12-12,19.1,31.3
QLD,40913,2019-12-13,22.9,30.6
QLD,40913,2019-12-14,20.4,30.7
QLD,40913,2019-12-15,23.9,31.9
QLD,40913,2019-12-16,23.5,41.2
QLD,40913,2019-12-17,20.9,29.1
QLD,40913,2019-12-18,19.4,28.9
QLD,40913,2019-12-19,18.7,29.6
QLD,40913,2019-12-20,20.1,30.3
QLD,40913,2019-12-21,20.2,31.2
QLD,40913,2019-12-22,21.9,30.1
QLD,40913,2019-12-23,22.5,30.8
QLD,40913,2019-12-24,24.4,30.4
QLD,40913,2019-12-25,21.6,26.6
QLD,40913,2019-12-26,20.8,29.2
QLD,40913,2019-12-27,20,27.5
QLD,40913,2019-12-28,20.9,28.9
QLD,40913,2019-12-29,20.3,29.2
QLD,40913,2019-12-30,20.7,30.1
QLD,40913,2019-12-31,21.2,29.4
QLD,40913,2019-11-01,17.6,24.7
QLD,40913,2019-11-02,17.6,26
QLD,40913,2019-11-03,18.5,27.3
QLD,40913,2019-11-04,20.8,30.9
QLD,40913,2019-11-05,21,29.2
QLD,40913,2019-11-06,15.5,29.7
QLD,40913,2019-11-07,15.1,34.8
QLD,40913,2019-11-08,15.6,34.5
QLD,40913,2019-11-09,20.8,31.5
QLD,40913,2019-11-10,15.8,33.3
QLD,40913,2019-11-11,17.6,27.7
QLD,40913,2019-11-12,17.7,30.8
QLD,40913,2019-11-13,19.1,33.8
QLD,40913,2019-11-14,18.4,29.8
QLD,40913,2019-11-15,21.3,31.6
QLD,40913,2019-11-16,19.2,34.7
QLD,40913,2019-11-17,21.2,30.5
QLD,40913,2019-11-18,20.3,28.2
QLD,40913,2019-11-19,19.6,31.9
QLD,40913,2019-11-20,20,32
QLD,40913,2019-11-21,22.9,29.3
QLD,40913,2019-11-22,19.7,30.3
QLD,40913,2019-11-23,20.8,30
QLD,40913,2019-11-24,20.7,29.9
QLD,40913,2019-11-25,18.9,30.5
QLD,40913,2019-11-26,22.1,30.6
QLD,40913,2019-11-27,22.4,31.7
QLD,40913,2019-11-28,22,28.9
QLD,40913,2019-11-29,22.9,31.3
QLD,40913,2019-11-30,22.1,32.1
QLD,40913,2019-10-01,19.1,25.2
QLD,40913,2019-10-02,15.7,24.7
QLD,40913,2019-10-03,12.3,25.9
QLD,40913,2019-10-04,13.6,26.7
QLD,40913,2019-10-05,13.2,30.3
QLD,40913,2019-10-06,17,27.1
QLD,40913,2019-10-07,16.1,30.8
QLD,40913,2019-10-08,20.5,30.5
QLD,40913,2019-10-09,18.6,26
QLD,40913,2019-10-10,15.2,24.5
QLD,40913,2019-10-11,14.4,23.7
QLD,40913,2019-10-12,12.8,21.3
QLD,40913,2019-10-13,12.9,25.3
QLD,40913,2019-10-14,14.3,25.9
QLD,40913,2019-10-15,18.2,27.2
QLD,40913,2019-10-16,18.9,28.6
QLD,40913,2019-10-17,19.4,30.6
QLD,40913,2019-10-18,18.9,27.2
QLD,40913,2019-10-19,18.1,26.3
QLD,40913,2019-10-20,16.1,28.4
QLD,40913,2019-10-21,18.1,25
QLD,40913,2019-10-22,15.4,25
QLD,40913,2019-10-23,16.2,26.6
QLD,40913,2019-10-24,15.3,27.2
QLD,40913,2019-10-25,15.2,27.5
QLD,40913,2019-10-26,16.5,27.6
QLD,40913,2019-10-27,18.1,29.6
QLD,40913,2019-10-28,20.3,27.4
QLD,40913,2019-10-29,18.5,26.2
QLD,40913,2019-10-30,16.1,24.7
QLD,40913,2019-10-31,15.6,26.7
QLD,40913,2019-09-01,10.4,25.8
QLD,40913,2019-09-02,11.6,29.3
QLD,40913,2019-09-03,10.5,27.3
QLD,40913,2019-09-04,11.6,33.7
QLD,40913,2019-09-05,13.2,31.7
QLD,40913,2019-09-06,11.9,34.8
QLD,40913,2019-09-07,16.9,26.4
QLD,40913,2019-09-08,14.1,25.9
QLD,40913,2019-09-09,14.1,23.6
QLD,40913,2019-09-10,11,23.1
QLD,40913,2019-09-11,11.6,23
QLD,40913,2019-09-12,10.5,25.1
QLD,40913,2019-09-13,11,30.5
QLD,40913,2019-09-14,12,30.5
QLD,40913,2019-09-15,13.2,25
QLD,40913,2019-09-16,12,26.2
QLD,40913,2019-09-17,12.1,27.7
QLD,40913,2019-09-18,15.1,27.2
QLD,40913,2019-09-19,12.8,25.7
QLD,40913,2019-09-20,14.5,26.9
QLD,40913,2019-09-21,16.5,26.9
QLD,40913,2019-09-22,17.9,26.8
QLD,40913,2019-09-23,16.4,29.7
QLD,40913,2019-09-24,16.8,24.9
QLD,40913,2019-09-25,17.3,26.3
QLD,40913,2019-09-26,19.8,25.8
QLD,40913,2019-09-27,16.6,26.9
QLD,40913,2019-09-28,17.9,31.1
QLD,40913,2019-09-29,15.4,26.1
QLD,40913,2019-09-30,18.1,28.2
QLD,40913,2019-08-01,12.6,21.8
QLD,40913,2019-08-02,11.2,22.1
QLD,40913,2019-08-03,10.4,23.6
QLD,40913,2019-08-04,10.4,24
QLD,40913,2019-08-05,10.9,23.4
QLD,40913,2019-08-06,10,24
QLD,40913,2019-08-07,12.1,23.1
QLD,40913,2019-08-08,12.8,28.7
QLD,40913,2019-08-09,15.9,25.3
QLD,40913,2019-08-10,16,22.9
QLD,40913,2019-08-11,10.6,20.6
QLD,40913,2019-08-12,9.4,22
QLD,40913,2019-08-13,8.9,23.3
QLD,40913,2019-08-14,10.5,22.7
QLD,40913,2019-08-15,9.9,23.8
QLD,40913,2019-08-16,12.1,24.7
QLD,40913,2019-08-17,10.2,27.7
QLD,40913,2019-08-18,12.7,24.4
QLD,40913,2019-08-19,12.9,28.6
QLD,40913,2019-08-20,11,23.1
QLD,40913,2019-08-21,7.7,26.2
QLD,40913,2019-08-22,13.7,25.4
QLD,40913,2019-08-23,12.4,23.7
QLD,40913,2019-08-24,10.2,23
QLD,40913,2019-08-25,10.7,24.9
QLD,40913,2019-08-26,12,27.2
QLD,40913,2019-08-27,13.1,25.4
QLD,40913,2019-08-28,16,23.3
QLD,40913,2019-08-29,13.6,19.7
QLD,40913,2019-08-30,11.9,23.7
QLD,40913,2019-08-31,11.6,24.5
QLD,40913,2019-07-01,13.8,23.5
QLD,40913,2019-07-02,14,23
QLD,40913,2019-07-03,12.8,23.3
QLD,40913,2019-07-04,14.5,23.7
QLD,40913,2019-07-05,15.4,22
QLD,40913,2019-07-06,14.6,21.1
QLD,40913,2019-07-07,14.2,20.9
QLD,40913,2019-07-08,14.3,20.3
QLD,40913,2019-07-09,12.4,24
QLD,40913,2019-07-10,11,23.7
QLD,40913,2019-07-11,9.1,24.5
QLD,40913,2019-07-12,7.4,26
QLD,40913,2019-07-13,8.5,23.8
QLD,40913,2019-07-14,9.3,20.1
QLD,40913,2019-07-15,9.6,20.1
QLD,40913,2019-07-16,8.4,23.2
QLD,40913,2019-07-17,9.5,23.6
QLD,40913,2019-07-18,8.6,24.7
QLD,40913,2019-07-19,8.8,22.9
QLD,40913,2019-07-20,7.9,23.1
QLD,40913,2019-07-21,9.4,22.1
QLD,40913,2019-07-22,10.7,24.3
QLD,40913,2019-07-23,12,27.1
QLD,40913,2019-07-24,10,26.9
QLD,40913,2019-07-25,11.9,23.9
QLD,40913,2019-07-26,12.1,23.3
QLD,40913,2019-07-27,12.1,25.9
QLD,40913,2019-07-28,13,24.1
QLD,40913,2019-07-29,12.8,24
QLD,40913,2019-07-30,11.3,25.9
QLD,40913,2019-07-31,12.5,22.4
QLD,40913,2019-06-01,7.6,22.9
QLD,40913,2019-06-02,14.4,22.3
QLD,40913,2019-06-03,14,22
QLD,40913,2019-06-04,9.8,17.2
QLD,40913,2019-06-05,10.9,22.4
QLD,40913,2019-06-06,11,22.3
QLD,40913,2019-06-07,10.7,22.4
QLD,40913,2019-06-08,13.5,18.1
QLD,40913,2019-06-09,14,24.9
QLD,40913,2019-06-10,13.3,24.7
QLD,40913,2019-06-11,13.2,25.9
QLD,40913,2019-06-12,12.5,25
QLD,40913,2019-06-13,13.8,25.2
QLD,40913,2019-06-14,13.2,27.5
QLD,40913,2019-06-15,15.2,25.9
QLD,40913,2019-06-16,15.3,24
QLD,40913,2019-06-17,14.6,22.7
QLD,40913,2019-06-18,9.6,23.6
QLD,40913,2019-06-19,10.6,24.2
QLD,40913,2019-06-20,12.7,20.7
QLD,40913,2019-06-21,15.6,23.3
QLD,40913,2019-06-22,9.6,21.4
QLD,40913,2019-06-23,8.4,21.7
QLD,40913,2019-06-24,10.9,20.4
QLD,40913,2019-06-25,12.2,20.3
QLD,40913,2019-06-26,13.9,17.7
QLD,40913,2019-06-27,13.2,22.7
QLD,40913,2019-06-28,13.7,23
QLD,40913,2019-06-29,13.4,23.5
QLD,40913,2019-06-30,12.6,25
SA,23090,2020-05-01,10.2,16.9
SA,23090,2020-05-02,12.8,17.3
SA,23090,2020-05-03,9.4,15.5
SA,23090,2020-05-04,9.3,18.5
SA,23090,2020-05-05,7.8,20.1
SA,23090,2020-05-06,10.2,20.7
SA,23090,2020-05-07,15.8,21.4
SA,23090,2020-05-08,12.4,19.1
SA,23090,2020-05-09,9.6,15.8
SA,23090,2020-05-10,7.6,16.7
SA,23090,2020-05-11,5.9,17.8
SA,23090,2020-05-12,8.3,19.2
SA,23090,2020-05-13,7.6,15
SA,23090,2020-05-14,9.7,15.5
SA,23090,2020-05-15,4.7,16.8
SA,23090,2020-05-16,3.5,19
SA,23090,2020-05-17,4.8,20.9
SA,23090,2020-05-18,8.9,22.3
SA,23090,2020-05-19,11.2,22.5
SA,23090,2020-05-20,11.6,15
SA,23090,2020-05-21,5.6,14.3
SA,23090,2020-05-22,9.6,14.9
SA,23090,2020-05-23,10.2,16.5
SA,23090,2020-05-24,10.8,14
SA,23090,2020-05-25,5.8,14.8
SA,23090,2020-05-26,7,16.8
SA,23090,2020-05-27,10.9,17.7
SA,23090,2020-05-28,10.4,17.7
SA,23090,2020-05-29,5.2,19.8
SA,23090,2020-05-30,10.2,19.9
SA,23090,2020-05-31,10.1,14.9
SA,23090,2020-04-01,15.6,22.6
SA,23090,2020-04-02,11.4,25.6
SA,23090,2020-04-03,13.6,25.7
SA,23090,2020-04-04,12.8,18.6
SA,23090,2020-04-05,13.2,20.5
SA,23090,2020-04-06,11.2,21.4
SA,23090,2020-04-07,14.2,20.9
SA,23090,2020-04-08,12.4,20.6
SA,23090,2020-04-09,10.1,21.6
SA,23090,2020-04-10,11.5,23.2
SA,23090,2020-04-11,15.1,20
SA,23090,2020-04-12,10.3,19.3
SA,23090,2020-04-13,7.8,24.3
SA,23090,2020-04-14,11.4,29.4
SA,23090,2020-04-15,15.1,28.8
SA,23090,2020-04-16,15.7,20.8
SA,23090,2020-04-17,14.1,20.1
SA,23090,2020-04-18,12.5,19.4
SA,23090,2020-04-19,9.7,22.2
SA,23090,2020-04-20,14.2,19.9
SA,23090,2020-04-21,11.3,24.3
SA,23090,2020-04-22,12.1,23.6
SA,23090,2020-04-23,12.4,20.1
SA,23090,2020-04-24,12.9,21.7
SA,23090,2020-04-25,12.7,24.3
SA,23090,2020-04-26,15.9,20
SA,23090,2020-04-27,11,20.5
SA,23090,2020-04-28,12.6,20.8
SA,23090,2020-04-29,11.8,16.9
SA,23090,2020-04-30,8.7,14.7
SA,23090,2020-03-01,16.2,30
SA,23090,2020-03-02,14.2,21.7
SA,23090,2020-03-03,13.1,20.3
SA,23090,2020-03-04,13.8,26
SA,23090,2020-03-05,14.4,21.8
SA,23090,2020-03-06,15.5,24
SA,23090,2020-03-07,13.8,25.7
SA,23090,2020-03-08,14.6,25.8
SA,23090,2020-03-09,15.6,25.5
SA,23090,2020-03-10,15.9,30.2
SA,23090,2020-03-11,16.4,33.8
SA,23090,2020-03-12,22.3,33.3
SA,23090,2020-03-13,19.6,22.5
SA,23090,2020-03-14,11.8,20.9
SA,23090,2020-03-15,11.8,23.8
SA,23090,2020-03-16,13.7,29.3
SA,23090,2020-03-17,19.6,33.6
SA,23090,2020-03-18,19.6,35
SA,23090,2020-03-19,25.1,32.9
SA,23090,2020-03-20,17.3,22.9
SA,23090,2020-03-21,11.6,23.5
SA,23090,2020-03-22,14.1,22.5
SA,23090,2020-03-23,12.7,23.3
SA,23090,2020-03-24,14.1,19.8
SA,23090,2020-03-25,13.1,21.6
SA,23090,2020-03-26,11.3,24
SA,23090,2020-03-27,10.4,28.5
SA,23090,2020-03-28,11.8,31.7
SA,23090,2020-03-29,16.7,24.8
SA,23090,2020-03-30,16,23.3
SA,23090,2020-03-31,12.7,24.1
SA,23090,2020-02-01,21.8,22.4
SA,23090,2020-02-02,16.3,23.7
SA,23090,2020-02-03,15.9,21.8
SA,23090,2020-02-04,13.4,24.7
SA,23090,2020-02-05,12.8,27.3
SA,23090,2020-02-06,14.7,31.8
SA,23090,2020-02-07,19.1,29
SA,23090,2020-02-08,22.5,33
SA,23090,2020-02-09,22.9,31.8
SA,23090,2020-02-10,20.1,31
SA,23090,2020-02-11,18.3,28.6
SA,23090,2020-02-12,18,24.9
SA,23090,2020-02-13,17.7,30.4
SA,23090,2020-02-14,19.5,23.8
SA,23090,2020-02-15,17.4,22.5
SA,23090,2020-02-16,13.6,26.5
SA,23090,2020-02-17,13.9,30.6
SA,23090,2020-02-18,17.9,23.2
SA,23090,2020-02-19,15.1,22.8
SA,23090,2020-02-20,11.9,22.5
SA,23090,2020-02-21,13.1,24.1
SA,23090,2020-02-22,13.5,27.4
SA,23090,2020-02-23,13.7,32.9
SA,23090,2020-02-24,20.9,34.7
SA,23090,2020-02-25,17.2,28.4
SA,23090,2020-02-26,17.2,23.8
SA,23090,2020-02-27,11.9,21.3
SA,23090,2020-02-28,15.6,23.9
SA,23090,2020-02-29,12.8,28.4
SA,23090,2020-01-01,13,27
SA,23090,2020-01-02,14.1,32.8
SA,23090,2020-01-03,22.1,42.1
SA,23090,2020-01-04,19.9,24.4
SA,23090,2020-01-05,11.8,18.9
SA,23090,2020-01-06,13.3,27.6
SA,23090,2020-01-07,16.2,32.7
SA,23090,2020-01-08,22.1,36.6
SA,23090,2020-01-09,23.9,42.8
SA,23090,2020-01-10,23.2,23.3
SA,23090,2020-01-11,13.6,24.7
SA,23090,2020-01-12,14.2,31.2
SA,23090,2020-01-13,16.4,34.8
SA,23090,2020-01-14,19.7,35.4
SA,23090,2020-01-15,18.3,28.6
SA,23090,2020-01-16,16.4,23.6
SA,23090,2020-01-17,12.7,24
SA,23090,2020-01-18,13.9,27.7
SA,23090,2020-01-19,16.4,23.4
SA,23090,2020-01-20,15,19.7
SA,23090,2020-01-21,15.5,27.9
SA,23090,2020-01-22,17.2,27.4
SA,23090,2020-01-23,14.3,21.4
SA,23090,2020-01-24,16,24
SA,23090,2020-01-25,16.1,26.6
SA,23090,2020-01-26,16.4,28.2
SA,23090,2020-01-27,15.6,27.6
SA,23090,2020-01-28,13.7,32.7
SA,23090,2020-01-29,15.3,40.1
SA,23090,2020-01-30,21.2,43.9
SA,23090,2020-01-31,29.9,37.2
SA,23090,2019-12-01,11.3,18.2
SA,23090,2019-12-02,11.5,19.5
SA,23090,2019-12-03,12.7,21.7
SA,23090,2019-12-04,14.4,25
SA,23090,2019-12-05,13.4,26.1
SA,23090,2019-12-06,11.3,22.9
SA,23090,2019-12-07,9.4,27.7
SA,23090,2019-12-08,16.6,39.6
SA,23090,2019-12-09,21.7,27.2
SA,23090,2019-12-10,13.8,26.7
SA,23090,2019-12-11,12.4,26.6
SA,23090,2019-12-12,14.6,24.5
SA,23090,2019-12-13,13,21.6
SA,23090,2019-12-14,13.7,25.6
SA,23090,2019-12-15,12.6,31.3
SA,23090,2019-12-16,15.1,36.5
SA,23090,2019-12-17,20.7,41.8
SA,23090,2019-12-18,27.9,45
SA,23090,2019-12-19,23.2,45.2
SA,23090,2019-12-20,32.8,45
SA,23090,2019-12-21,17.4,24.7
SA,23090,2019-12-22,13,27.5
SA,23090,2019-12-23,18.4,34.7
SA,23090,2019-12-24,15.7,33.4
SA,23090,2019-12-25,19.4,35.7
SA,23090,2019-12-26,18.2,35.4
SA,23090,2019-12-27,25.1,42.7
SA,23090,2019-12-28,24.4,40.1
SA,23090,2019-12-29,23.3,39.8
SA,23090,2019-12-30,27.8,41.5
SA,23090,2019-12-31,15.2,24.7
SA,23090,2019-11-01,25,29.6
SA,23090,2019-11-02,15.8,24.3
SA,23090,2019-11-03,13.2,20
SA,23090,2019-11-04,12.7,19.2
SA,23090,2019-11-05,10.3,23.9
SA,23090,2019-11-06,12.2,21.9
SA,23090,2019-11-07,12.5,20.4
SA,23090,2019-11-08,11,17.5
SA,23090,2019-11-09,9.1,18.2
SA,23090,2019-11-10,12.9,24.5
SA,23090,2019-11-11,11.5,32.8
SA,23090,2019-11-12,12.7,18.2
SA,23090,2019-11-13,12.4,20.7
SA,23090,2019-11-14,12.8,21.6
SA,23090,2019-11-15,14.1,19.1
SA,23090,2019-11-16,7.7,19.9
SA,23090,2019-11-17,9.8,22.3
SA,23090,2019-11-18,10.2,33.8
SA,23090,2019-11-19,14.1,35.2
SA,23090,2019-11-20,20.8,42.2
SA,23090,2019-11-21,17.3,23
SA,23090,2019-11-22,11.4,22.6
SA,23090,2019-11-23,11,23
SA,23090,2019-11-24,10,29
SA,23090,2019-11-25,14.5,27.6
SA,23090,2019-11-26,12,20
SA,23090,2019-11-27,7.9,26.6
SA,23090,2019-11-28,9.8,26.4
SA,23090,2019-11-29,11.9,19.6
SA,23090,2019-11-30,8.7,20.3
SA,23090,2019-10-01,13.4,28.9
SA,23090,2019-10-02,19.3,28.6
SA,23090,2019-10-03,13.3,21.2
SA,23090,2019-10-04,13.5,31.8
SA,23090,2019-10-05,16.6,32.8
SA,23090,2019-10-06,15.9,17.6
SA,23090,2019-10-07,12,18.5
SA,23090,2019-10-08,8.6,16.5
SA,23090,2019-10-09,7.9,18.3
SA,23090,2019-10-10,8.3,21.8
SA,23090,2019-10-11,9.7,22.2
SA,23090,2019-10-12,11.1,25.1
SA,23090,2019-10-13,17.8,24
SA,23090,2019-10-14,13.7,20.3
SA,23090,2019-10-15,7.8,20.6
SA,23090,2019-10-16,12.8,18.1
SA,23090,2019-10-17,9.3,17.3
SA,23090,2019-10-18,7.1,21
SA,23090,2019-10-19,9.7,17.6
SA,23090,2019-10-20,7.2,19.3
SA,23090,2019-10-21,8,25.9
SA,23090,2019-10-22,11.5,30.8
SA,23090,2019-10-23,15.1,33.9
SA,23090,2019-10-24,15.1,36.9
SA,23090,2019-10-25,14.6,20.5
SA,23090,2019-10-26,11.9,19.2
SA,23090,2019-10-27,11.6,20.3
SA,23090,2019-10-28,8.8,25.3
SA,23090,2019-10-29,11.6,33.2
SA,23090,2019-10-30,15.3,36.2
SA,23090,2019-10-31,22.5,37.6
SA,23090,2019-09-01,9.7,18
SA,23090,2019-09-02,4.6,23.8
SA,23090,2019-09-03,7,19.1
SA,23090,2019-09-04,9.3,17.9
SA,23090,2019-09-05,10.1,18.6
SA,23090,2019-09-06,9.4,13.6
SA,23090,2019-09-07,8.6,15.1
SA,23090,2019-09-08,10,16.2
SA,23090,2019-09-09,5.5,15.7
SA,23090,2019-09-10,4,18
SA,23090,2019-09-11,4.8,24.7
SA,23090,2019-09-12,14.1,21.4
SA,23090,2019-09-13,8,18.8
SA,23090,2019-09-14,8.5,27.1
SA,23090,2019-09-15,17.5,28.5
SA,23090,2019-09-16,10.6,15.4
SA,23090,2019-09-17,5.1,16.4
SA,23090,2019-09-18,6.1,21.9
SA,23090,2019-09-19,14.9,29.4
SA,23090,2019-09-20,15.8,20.2
SA,23090,2019-09-21,9.8,15.7
SA,23090,2019-09-22,7.7,15.8
SA,23090,2019-09-23,8.8,16.2
SA,23090,2019-09-24,5.6,16.7
SA,23090,2019-09-25,5.6,20.4
SA,23090,2019-09-26,7.6,25.1
SA,23090,2019-09-27,11.5,19.8
SA,23090,2019-09-28,5.5,16.5
SA,23090,2019-09-29,6.7,19.4
SA,23090,2019-09-30,9.7,21.3
SA,23090,2019-08-01,9.2,14
SA,23090,2019-08-02,5.4,13.7
SA,23090,2019-08-03,9,14.2
SA,23090,2019-08-04,6.4,16.7
SA,23090,2019-08-05,5.6,
SA,23090,2019-08-06,9.8,19.7
SA,23090,2019-08-07,7.6,14.2
SA,23090,2019-08-08,9.1,12.3
SA,23090,2019-08-09,8.1,12.9
SA,23090,2019-08-10,5,12.8
SA,23090,2019-08-11,9.1,12.8
SA,23090,2019-08-12,3.9,12.1
SA,23090,2019-08-13,2,14.8
SA,23090,2019-08-14,4.5,18
SA,23090,2019-08-15,10.6,20.3
SA,23090,2019-08-16,12.8,16.2
SA,23090,2019-08-17,5.7,18.9
SA,23090,2019-08-18,10.3,13
SA,23090,2019-08-19,7,13.5
SA,23090,2019-08-20,8.1,15.5
SA,23090,2019-08-21,11.7,16.6
SA,23090,2019-08-22,10.7,14.9
SA,23090,2019-08-23,5.4,19.6
SA,23090,2019-08-24,11.6,16.7
SA,23090,2019-08-25,4.6,13.6
SA,23090,2019-08-26,3.6,15
SA,23090,2019-08-27,4.3,16.5
SA,23090,2019-08-28,7.2,14.6
SA,23090,2019-08-29,3,15
SA,23090,2019-08-30,3.7,18.4
SA,23090,2019-08-31,11.5,22.6
SA,23090,2019-07-01,7.2,14.8
SA,23090,2019-07-02,7.7,15.6
SA,23090,2019-07-03,7.3,16.5
SA,23090,2019-07-04,7.8,16.9
SA,23090,2019-07-05,7.1,21.5
SA,23090,2019-07-06,16,21.8
SA,23090,2019-07-07,12.7,17
SA,23090,2019-07-08,7.4,15.7
SA,23090,2019-07-09,5.6,16.8
SA,23090,2019-07-10,8.1,16.7
SA,23090,2019-07-11,10.3,15.6
SA,23090,2019-07-12,12.2,14.2
SA,23090,2019-07-13,8.1,13.4
SA,23090,2019-07-14,6,13.4
SA,23090,2019-07-15,10,13.7
SA,23090,2019-07-16,11,14.6
SA,23090,2019-07-17,10.4,14.5
SA,23090,2019-07-18,10.2,15
SA,23090,2019-07-19,5.9,18.5
SA,23090,2019-07-20,9.4,20.2
SA,23090,2019-07-21,8.6,16.7
SA,23090,2019-07-22,8.2,19.2
SA,23090,2019-07-23,10.4,16
SA,23090,2019-07-24,8.8,15.8
SA,23090,2019-07-25,9.5,17.9
SA,23090,2019-07-26,11.9,16.6
SA,23090,2019-07-27,6.8,15.9
SA,23090,2019-07-28,7.1,19.3
SA,23090,2019-07-29,11.2,16.9
SA,23090,2019-07-30,5.4,15.4
SA,23090,2019-07-31,7.8,12.9
SA,23090,2019-06-01,9.3,15.5
SA,23090,2019-06-02,10.9,15.9
SA,23090,2019-06-03,5.8,14.5
SA,23090,2019-06-04,5.5,13.1
SA,23090,2019-06-05,3.9,15.1
SA,23090,2019-06-06,7.7,15.1
SA,23090,2019-06-07,3.7,16.9
SA,23090,2019-06-08,5.5,17.7
SA,23090,2019-06-09,10.2,16.6
SA,23090,2019-06-10,10.8,18.1
SA,23090,2019-06-11,6.7,22.4
SA,23090,2019-06-12,14.4,17.9
SA,23090,2019-06-13,10.2,16.9
SA,23090,2019-06-14,11.1,17.3
SA,23090,2019-06-15,11.1,16.2
SA,23090,2019-06-16,8.6,17.4
SA,23090,2019-06-17,5.6,15.4
SA,23090,2019-06-18,7.7,14.6
SA,23090,2019-06-19,3.5,13.9
SA,23090,2019-06-20,5.7,12.6
SA,23090,2019-06-21,4.1,14.9
SA,23090,2019-06-22,5.8,15.8
SA,23090,2019-06-23,1.9,13.7
SA,23090,2019-06-24,1.3,12
SA,23090,2019-06-25,5.9,17.2
SA,23090,2019-06-26,5.3,19.7
SA,23090,2019-06-27,11,22
SA,23090,2019-06-28,16.1,22
SA,23090,2019-06-29,10.3,14.1
SA,23090,2019-06-30,5.7,13.1
WA,9225,2020-05-01,8.5,24.1
WA,9225,2020-05-02,9.2,28.3
WA,9225,2020-05-03,12.3,28.9
WA,9225,2020-05-04,16.9,23.4
WA,9225,2020-05-05,15.5,23.1
WA,9225,2020-05-06,11.1,16.9
WA,9225,2020-05-07,10,18.8
WA,9225,2020-05-08,12,18.8
WA,9225,2020-05-09,5.1,19.5
WA,9225,2020-05-10,5.5,24
WA,9225,2020-05-11,5.7,22.9
WA,9225,2020-05-12,9.9,22.9
WA,9225,2020-05-13,10.4,28.6
WA,9225,2020-05-14,9.2,27.6
WA,9225,2020-05-15,5.8,23.9
WA,9225,2020-05-16,11.2,21.1
WA,9225,2020-05-17,8.7,21.9
WA,9225,2020-05-18,6.6,19.6
WA,9225,2020-05-19,4.6,19
WA,9225,2020-05-20,5,19.4
WA,9225,2020-05-21,4.6,21
WA,9225,2020-05-22,7.1,24.4
WA,9225,2020-05-23,6.4,26.5
WA,9225,2020-05-24,14.4,21.9
WA,9225,2020-05-25,12.5,17.1
WA,9225,2020-05-26,10.2,17.2
WA,9225,2020-05-27,10.7,20.5
WA,9225,2020-05-28,11.7,21.1
WA,9225,2020-05-29,14,21.5
WA,9225,2020-05-30,10.9,18.4
WA,9225,2020-05-31,13.1,20.2
WA,9225,2020-04-01,13,27.1
WA,9225,2020-04-02,18,24.1
WA,9225,2020-04-03,8.9,23.7
WA,9225,2020-04-04,11.5,24.6
WA,9225,2020-04-05,15.1,26.5
WA,9225,2020-04-06,18.5,31.8
WA,9225,2020-04-07,19,33.6
WA,9225,2020-04-08,17.1,32.6
WA,9225,2020-04-09,15.7,34
WA,9225,2020-04-10,19.6,35.6
WA,9225,2020-04-11,21.2,39.5
WA,9225,2020-04-12,21.7,26.2
WA,9225,2020-04-13,15.2,26.7
WA,9225,2020-04-14,15.7,24.9
WA,9225,2020-04-15,16.3,24.2
WA,9225,2020-04-16,10.7,25.1
WA,9225,2020-04-17,12.7,27.4
WA,9225,2020-04-18,11.9,22.1
WA,9225,2020-04-19,17.4,22.7
WA,9225,2020-04-20,10.3,24.4
WA,9225,2020-04-21,15.1,24.5
WA,9225,2020-04-22,13.8,24.6
WA,9225,2020-04-23,14.1,25.1
WA,9225,2020-04-24,13.7,22.8
WA,9225,2020-04-25,16.9,23.8
WA,9225,2020-04-26,11.2,26.4
WA,9225,2020-04-27,11.2,23.6
WA,9225,2020-04-28,14,20.8
WA,9225,2020-04-29,10.9,21.8
WA,9225,2020-04-30,9.4,21.4
WA,9225,2020-03-01,20.3,28.9
WA,9225,2020-03-02,15.8,29.3
WA,9225,2020-03-03,15,32.6
WA,9225,2020-03-04,13.7,33.7
WA,9225,2020-03-05,14,32.6
WA,9225,2020-03-06,19.9,26.9
WA,9225,2020-03-07,20.5,26.8
WA,9225,2020-03-08,17.6,30.3
WA,9225,2020-03-09,21.9,35.3
WA,9225,2020-03-10,19.9,35.1
WA,9225,2020-03-11,19.2,35.1
WA,9225,2020-03-12,18.1,30
WA,9225,2020-03-13,18.9,32.8
WA,9225,2020-03-14,22.8,31.1
WA,9225,2020-03-15,19.5,26.1
WA,9225,2020-03-16,18.7,27
WA,9225,2020-03-17,19.2,24.9
WA,9225,2020-03-18,14.5,23.3
WA,9225,2020-03-19,12.8,24.6
WA,9225,2020-03-20,15.9,31.5
WA,9225,2020-03-21,16.6,31.9
WA,9225,2020-03-22,18.8,31.8
WA,9225,2020-03-23,18.2,32.6
WA,9225,2020-03-24,19.4,33.9
WA,9225,2020-03-25,19.8,34.3
WA,9225,2020-03-26,17.3,36.7
WA,9225,2020-03-27,20.5,27.9
WA,9225,2020-03-28,19.3,23.3
WA,9225,2020-03-29,12.4,22.6
WA,9225,2020-03-30,9.7,23.8
WA,9225,2020-03-31,11.3,25.2
WA,9225,2020-02-01,14.6,27.4
WA,9225,2020-02-02,17,34.8
WA,9225,2020-02-03,18.2,38.4
WA,9225,2020-02-04,22.6,42.7
WA,9225,2020-02-05,22.4,34.9
WA,9225,2020-02-06,21.2,30.9
WA,9225,2020-02-07,21,29.1
WA,9225,2020-02-08,20,28
WA,9225,2020-02-09,15.2,27.8
WA,9225,2020-02-10,15.3,32.9
WA,9225,2020-02-11,19.3,34.8
WA,9225,2020-02-12,19.5,34.3
WA,9225,2020-02-13,21.6,36.1
WA,9225,2020-02-14,23.8,40.6
WA,9225,2020-02-15,22.3,25.6
WA,9225,2020-02-16,18,26.3
WA,9225,2020-02-17,18.2,32
WA,9225,2020-02-18,16.9,33.5
WA,9225,2020-02-19,22.1,36.2
WA,9225,2020-02-20,24.6,37.1
WA,9225,2020-02-21,22.9,31.9
WA,9225,2020-02-22,20.1,27.7
WA,9225,2020-02-23,19.6,33.5
WA,9225,2020-02-24,21,32
WA,9225,2020-02-25,21.7,34.4
WA,9225,2020-02-26,21.1,29.7
WA,9225,2020-02-27,22.3,26.6
WA,9225,2020-02-28,21.4,30.8
WA,9225,2020-02-29,20.9,27.7
WA,9225,2020-01-01,17.3,30.5
WA,9225,2020-01-02,17.3,24.2
WA,9225,2020-01-03,13.5,22.1
WA,9225,2020-01-04,12.7,27.6
WA,9225,2020-01-05,13,35.3
WA,9225,2020-01-06,15.8,33.6
WA,9225,2020-01-07,15.9,31.7
WA,9225,2020-01-08,18.6,28.9
WA,9225,2020-01-09,17.3,26
WA,9225,2020-01-10,15.8,32.1
WA,9225,2020-01-11,17.7,35.7
WA,9225,2020-01-12,17.3,32.2
WA,9225,2020-01-13,18.3,33.3
WA,9225,2020-01-14,20.5,33.4
WA,9225,2020-01-15,19.6,34.2
WA,9225,2020-01-16,20,35.2
WA,9225,2020-01-17,22.5,28.2
WA,9225,2020-01-18,19.4,30.9
WA,9225,2020-01-19,17,30.6
WA,9225,2020-01-20,14.6,31
WA,9225,2020-01-21,17.1,25.5
WA,9225,2020-01-22,14.2,24.4
WA,9225,2020-01-23,18,27.2
WA,9225,2020-01-24,15.1,32.3
WA,9225,2020-01-25,18.1,32
WA,9225,2020-01-26,19.5,36.3
WA,9225,2020-01-27,22.6,39.9
WA,9225,2020-01-28,19.6,35.2
WA,9225,2020-01-29,18.8,27.2
WA,9225,2020-01-30,18.6,23.9
WA,9225,2020-01-31,12.9,24.2
WA,9225,2019-12-01,13.6,32.9
WA,9225,2019-12-02,19.3,35.6
WA,9225,2019-12-03,20.6,41.6
WA,9225,2019-12-04,19.4,37.6
WA,9225,2019-12-05,19.5,39.2
WA,9225,2019-12-06,24.6,38.9
WA,9225,2019-12-07,18.4,26.5
WA,9225,2019-12-08,16.2,25.1
WA,9225,2019-12-09,13,29.9
WA,9225,2019-12-10,13.8,36.3
WA,9225,2019-12-11,18.5,37.6
WA,9225,2019-12-12,20,39
WA,9225,2019-12-13,20.7,40.1
WA,9225,2019-12-14,21.1,41
WA,9225,2019-12-15,21.8,40.9
WA,9225,2019-12-16,21.6,38.5
WA,9225,2019-12-17,19.8,34.3
WA,9225,2019-12-18,20.3,
WA,9225,2019-12-19,18.9,25.1
WA,9225,2019-12-20,17.4,25.8
WA,9225,2019-12-21,15.6,34.5
WA,9225,2019-12-22,18.3,28.4
WA,9225,2019-12-23,16.4,31
WA,9225,2019-12-24,19,32.5
WA,9225,2019-12-25,21.5,35.7
WA,9225,2019-12-26,18.9,28.5
WA,9225,2019-12-27,18.6,27.3
WA,9225,2019-12-28,16.1,27.4
WA,9225,2019-12-29,16.7,25.8
WA,9225,2019-12-30,15.8,24.9
WA,9225,2019-12-31,12.9,29.6
WA,9225,2019-11-01,10.9,19.6
WA,9225,2019-11-02,12.4,21.2
WA,9225,2019-11-03,12.6,22.5
WA,9225,2019-11-04,9.4,26.3
WA,9225,2019-11-05,9.6,24.6
WA,9225,2019-11-06,10.9,24.6
WA,9225,2019-11-07,13.8,26.5
WA,9225,2019-11-08,15,32.4
WA,9225,2019-11-09,19.9,39.1
WA,9225,2019-11-10,19.4,24
WA,9225,2019-11-11,15.2,29.7
WA,9225,2019-11-12,13.5,30.3
WA,9225,2019-11-13,16.2,35.7
WA,9225,2019-11-14,16.4,37.7
WA,9225,2019-11-15,19.8,38.4
WA,9225,2019-11-16,19.1,40.4
WA,9225,2019-11-17,17.1,28.6
WA,9225,2019-11-18,17.5,32
WA,9225,2019-11-19,17.6,25.4
WA,9225,2019-11-20,15.7,20.8
WA,9225,2019-11-21,8.8,23.8
WA,9225,2019-11-22,12.7,26.2
WA,9225,2019-11-23,16.4,30.2
WA,9225,2019-11-24,16.1,28.1
WA,9225,2019-11-25,16.2,29
WA,9225,2019-11-26,14.2,34.4
WA,9225,2019-11-27,17.6,34.2
WA,9225,2019-11-28,16.8,29.4
WA,9225,2019-11-29,13,27.8
WA,9225,2019-11-30,13.1,29.6
WA,9225,2019-10-01,11.7,22.5
WA,9225,2019-10-02,8.5,23.5
WA,9225,2019-10-03,9.3,26.3
WA,9225,2019-10-04,15,20.3
WA,9225,2019-10-05,14.2,20.4
WA,9225,2019-10-06,11,21.3
WA,9225,2019-10-07,10.7,25.3
WA,9225,2019-10-08,12.8,30.8
WA,9225,2019-10-09,12.4,28.9
WA,9225,2019-10-10,12.6,23.9
WA,9225,2019-10-11,12.6,21.1
WA,9225,2019-10-12,13.5,21.2
WA,9225,2019-10-13,9,20.9
WA,9225,2019-10-14,14.1,20.8
WA,9225,2019-10-15,6.5,19.5
WA,9225,2019-10-16,6.8,21.2
WA,9225,2019-10-17,9.8,22.1
WA,9225,2019-10-18,9.9,25.4
WA,9225,2019-10-19,12.2,32.3
WA,9225,2019-10-20,15.9,23.9
WA,9225,2019-10-21,11.9,23.9
WA,9225,2019-10-22,13.1,25.6
WA,9225,2019-10-23,12.8,23.5
WA,9225,2019-10-24,12.9,20.4
WA,9225,2019-10-25,11.3,23.4
WA,9225,2019-10-26,12.1,28.9
WA,9225,2019-10-27,15.8,36.5
WA,9225,2019-10-28,16.7,22.7
WA,9225,2019-10-29,13.8,26.8
WA,9225,2019-10-30,13.9,22
WA,9225,2019-10-31,11.2,17.9
WA,9225,2019-09-01,11.7,19.1
WA,9225,2019-09-02,9.4,20.2
WA,9225,2019-09-03,12.2,18.2
WA,9225,2019-09-04,11.5,17.4
WA,9225,2019-09-05,3.2,16.9
WA,9225,2019-09-06,4.1,20.2
WA,9225,2019-09-07,2.5,20.8
WA,9225,2019-09-08,6.8,25.1
WA,9225,2019-09-09,8.3,33.1
WA,9225,2019-09-10,10.5,28
WA,9225,2019-09-11,13.3,23.5
WA,9225,2019-09-12,11.5,25.3
WA,9225,2019-09-13,12.2,26.7
WA,9225,2019-09-14,14.9,24.3
WA,9225,2019-09-15,11.3,21.7
WA,9225,2019-09-16,13.3,26.6
WA,9225,2019-09-17,12,22.6
WA,9225,2019-09-18,10.6,21.8
WA,9225,2019-09-19,9.9,15.6
WA,9225,2019-09-20,3,18
WA,9225,2019-09-21,5.6,18.8
WA,9225,2019-09-22,5.3,20.6
WA,9225,2019-09-23,8.4,26.5
WA,9225,2019-09-24,10,28.4
WA,9225,2019-09-25,9.8,23.2
WA,9225,2019-09-26,11.3,22.8
WA,9225,2019-09-27,9.6,22.1
WA,9225,2019-09-28,10.4,23.4
WA,9225,2019-09-29,11.9,31
WA,9225,2019-09-30,14.9,24
WA,9225,2019-08-01,5.7,20.8
WA,9225,2019-08-02,6.1,24.9
WA,9225,2019-08-03,12.1,22.3
WA,9225,2019-08-04,12.8,19.6
WA,9225,2019-08-05,12.1,18
WA,9225,2019-08-06,8.2,16.4
WA,9225,2019-08-07,5.5,16.5
WA,9225,2019-08-08,6.4,15.8
WA,9225,2019-08-09,5.5,18
WA,9225,2019-08-10,4.7,19
WA,9225,2019-08-11,10.2,22.5
WA,9225,2019-08-12,10.2,24.7
WA,9225,2019-08-13,11.4,20.3
WA,9225,2019-08-14,10.9,17.3
WA,9225,2019-08-15,5,17.6
WA,9225,2019-08-16,7.7,17.9
WA,9225,2019-08-17,6.7,16.1
WA,9225,2019-08-18,3.1,18.6
WA,9225,2019-08-19,3.3,19.5
WA,9225,2019-08-20,4.6,22.8
WA,9225,2019-08-21,6.2,23.5
WA,9225,2019-08-22,7.7,26.4
WA,9225,2019-08-23,10.3,15.8
WA,9225,2019-08-24,3.6,16.9
WA,9225,2019-08-25,5.5,20.2
WA,9225,2019-08-26,5,20.7
WA,9225,2019-08-27,6,23.3
WA,9225,2019-08-28,9.1,30
WA,9225,2019-08-29,11.1,21.5
WA,9225,2019-08-30,13.8,19.6
WA,9225,2019-08-31,12.3,19.2
WA,9225,2019-07-01,11.9,20.2
WA,9225,2019-07-02,6,20.6
WA,9225,2019-07-03,6.1,21.7
WA,9225,2019-07-04,12,19.1
WA,9225,2019-07-05,8.9,13.5
WA,9225,2019-07-06,6.8,18.2
WA,9225,2019-07-07,9.8,19.2
WA,9225,2019-07-08,5.5,20.5
WA,9225,2019-07-09,8.8,18.3
WA,9225,2019-07-10,9.7,18.1
WA,9225,2019-07-11,10.6,18.6
WA,9225,2019-07-12,4.4,18.7
WA,9225,2019-07-13,6.7,19.1
WA,9225,2019-07-14,5.8,19.3
WA,9225,2019-07-15,6.4,19.8
WA,9225,2019-07-16,3.8,21.9
WA,9225,2019-07-17,3.3,22.4
WA,9225,2019-07-18,8.6,20.7
WA,9225,2019-07-19,12,19.4
WA,9225,2019-07-20,8.8,17.7
WA,9225,2019-07-21,11.8,19.2
WA,9225,2019-07-22,12.5,17.4
WA,9225,2019-07-23,7.4,19
WA,9225,2019-07-24,7.1,20.8
WA,9225,2019-07-25,11,17
WA,9225,2019-07-26,10.8,15.9
WA,9225,2019-07-27,11.4,20.3
WA,9225,2019-07-28,10.2,19
WA,9225,2019-07-29,7.3,17.3
WA,9225,2019-07-30,7.7,23.2
WA,9225,2019-07-31,6.7,22.9
WA,9225,2019-06-01,7.5,25.5
WA,9225,2019-06-02,5.9,24.5
WA,9225,2019-06-03,7.3,23.9
WA,9225,2019-06-04,7.2,22.8
WA,9225,2019-06-05,6.1,23
WA,9225,2019-06-06,13.4,22.8
WA,9225,2019-06-07,11.2,19.4
WA,9225,2019-06-08,10.4,19
WA,9225,2019-06-09,9.9,17.5
WA,9225,2019-06-10,11.6,19.4
WA,9225,2019-06-11,9.4,15.7
WA,9225,2019-06-12,7.8,18.2
WA,9225,2019-06-13,8.1,19.7
WA,9225,2019-06-14,8.4,17.6
WA,9225,2019-06-15,7.5,18.6
WA,9225,2019-06-16,10.4,18.1
WA,9225,2019-06-17,9.1,17.3
WA,9225,2019-06-18,2.8,
WA,9225,2019-06-19,2.1,18.9
WA,9225,2019-06-20,4.4,19.7
WA,9225,2019-06-21,9.6,24.5
WA,9225,2019-06-22,14.7,21.3
WA,9225,2019-06-23,13.8,19.9
WA,9225,2019-06-24,12.3,19.8
WA,9225,2019-06-25,14.9,21
WA,9225,2019-06-26,12.2,20.1
WA,9225,2019-06-27,12.9,17.5
WA,9225,2019-06-28,7.2,15.8
WA,9225,2019-06-29,7.4,16.8
WA,9225,2019-06-30,10.6,16
TAS,94029,2020-05-01,8.5,15
TAS,94029,2020-05-02,6.8,15
TAS,94029,2020-05-03,8.7,12.9
TAS,94029,2020-05-04,9,16
TAS,94029,2020-05-05,5.4,17.3
TAS,94029,2020-05-06,8.9,15.9
TAS,94029,2020-05-07,10,18.7
TAS,94029,2020-05-08,11,18.1
TAS,94029,2020-05-09,9.2,12.8
TAS,94029,2020-05-10,4.6,13.1
TAS,94029,2020-05-11,8.6,15.3
TAS,94029,2020-05-12,10.8,18.5
TAS,94029,2020-05-13,7.8,12.7
TAS,94029,2020-05-14,5.3,16.9
TAS,94029,2020-05-15,7.8,17
TAS,94029,2020-05-16,7.4,16.9
TAS,94029,2020-05-17,9.2,15.9
TAS,94029,2020-05-18,6.8,17.1
TAS,94029,2020-05-19,8.5,17.1
TAS,94029,2020-05-20,9.7,16
TAS,94029,2020-05-21,7.7,14.8
TAS,94029,2020-05-22,3.7,13.3
TAS,94029,2020-05-23,3.6,12.9
TAS,94029,2020-05-24,5.7,11.4
TAS,94029,2020-05-25,7.5,11.2
TAS,94029,2020-05-26,0.9,12.4
TAS,94029,2020-05-27,1.9,15.1
TAS,94029,2020-05-28,5.8,17.9
TAS,94029,2020-05-29,10.5,18.9
TAS,94029,2020-05-30,9.8,17.6
TAS,94029,2020-05-31,11.1,15.6
TAS,94029,2020-04-01,12.7,19.7
TAS,94029,2020-04-02,14.5,16
TAS,94029,2020-04-03,13.8,22.1
TAS,94029,2020-04-04,13.8,14.5
TAS,94029,2020-04-05,6,13.4
TAS,94029,2020-04-06,7.1,16.7
TAS,94029,2020-04-07,5.6,18.2
TAS,94029,2020-04-08,8.8,14
TAS,94029,2020-04-09,5.2,20.3
TAS,94029,2020-04-10,10.5,21.2
TAS,94029,2020-04-11,10.9,14.2
TAS,94029,2020-04-12,9.3,16.2
TAS,94029,2020-04-13,7.7,15.4
TAS,94029,2020-04-14,10.9,21.5
TAS,94029,2020-04-15,14.1,16.7
TAS,94029,2020-04-16,13.6,18.2
TAS,94029,2020-04-17,7.7,14
TAS,94029,2020-04-18,8.4,14.6
TAS,94029,2020-04-19,6.7,13
TAS,94029,2020-04-20,9.8,17.6
TAS,94029,2020-04-21,9.3,17.7
TAS,94029,2020-04-22,11.3,16.2
TAS,94029,2020-04-23,9.9,18.3
TAS,94029,2020-04-24,12.5,17.3
TAS,94029,2020-04-25,13.8,18.4
TAS,94029,2020-04-26,14.5,16.4
TAS,94029,2020-04-27,10.6,19
TAS,94029,2020-04-28,13.1,20.3
TAS,94029,2020-04-29,10.3,21.5
TAS,94029,2020-04-30,10.6,15.7
TAS,94029,2020-03-01,11.9,21.9
TAS,94029,2020-03-02,9.8,18
TAS,94029,2020-03-03,10.9,19.7
TAS,94029,2020-03-04,10.8,21.3
TAS,94029,2020-03-05,14.5,19
TAS,94029,2020-03-06,15.4,20.1
TAS,94029,2020-03-07,11,15
TAS,94029,2020-03-08,9.6,14.1
TAS,94029,2020-03-09,10.8,15.1
TAS,94029,2020-03-10,7.8,18.3
TAS,94029,2020-03-11,9.4,23.4
TAS,94029,2020-03-12,12,25.4
TAS,94029,2020-03-13,14.7,22.2
TAS,94029,2020-03-14,7.8,16.3
TAS,94029,2020-03-15,9.8,19.3
TAS,94029,2020-03-16,11.4,18.8
TAS,94029,2020-03-17,10.9,27.3
TAS,94029,2020-03-18,13,23.8
TAS,94029,2020-03-19,12.8,21.3
TAS,94029,2020-03-20,13.6,19.3
TAS,94029,2020-03-21,12.2,14.8
TAS,94029,2020-03-22,10.5,16.8
TAS,94029,2020-03-23,9.6,17.7
TAS,94029,2020-03-24,6.1,17.5
TAS,94029,2020-03-25,9.1,20.8
TAS,94029,2020-03-26,5.3,16.2
TAS,94029,2020-03-27,9.5,21.9
TAS,94029,2020-03-28,10.1,27.1
TAS,94029,2020-03-29,12.7,26
TAS,94029,2020-03-30,14,21.3
TAS,94029,2020-03-31,10.7,21.2
TAS,94029,2020-02-01,19.9,21.5
TAS,94029,2020-02-02,11.9,21.9
TAS,94029,2020-02-03,8.7,15.1
TAS,94029,2020-02-04,7.6,21.4
TAS,94029,2020-02-05,9.3,19.4
TAS,94029,2020-02-06,12,21.8
TAS,94029,2020-02-07,14.9,16.8
TAS,94029,2020-02-08,13.5,17.6
TAS,94029,2020-02-09,14.2,22.3
TAS,94029,2020-02-10,15.6,20.8
TAS,94029,2020-02-11,17,22.5
TAS,94029,2020-02-12,16,17.3
TAS,94029,2020-02-13,13,20.6
TAS,94029,2020-02-14,14.3,27.1
TAS,94029,2020-02-15,14.5,18.7
TAS,94029,2020-02-16,11.2,17.1
TAS,94029,2020-02-17,8.7,19.1
TAS,94029,2020-02-18,9.2,20.3
TAS,94029,2020-02-19,12.3,16.4
TAS,94029,2020-02-20,11.5,20.3
TAS,94029,2020-02-21,10.1,19.5
TAS,94029,2020-02-22,7.5,21.9
TAS,94029,2020-02-23,11.8,24.8
TAS,94029,2020-02-24,13.8,21.3
TAS,94029,2020-02-25,12,31.3
TAS,94029,2020-02-26,10.1,17.3
TAS,94029,2020-02-27,10.3,21.2
TAS,94029,2020-02-28,8.2,20.4
TAS,94029,2020-02-29,11.8,27.8
TAS,94029,2020-01-01,11.9,23.3
TAS,94029,2020-01-02,15.7,25.9
TAS,94029,2020-01-03,14.8,20.7
TAS,94029,2020-01-04,15.8,28.1
TAS,94029,2020-01-05,11.6,22.9
TAS,94029,2020-01-06,9.6,20.9
TAS,94029,2020-01-07,14.5,19.3
TAS,94029,2020-01-08,12.5,23.2
TAS,94029,2020-01-09,12.8,30.9
TAS,94029,2020-01-10,19.8,30.3
TAS,94029,2020-01-11,12.8,19.1
TAS,94029,2020-01-12,11.9,23.3
TAS,94029,2020-01-13,12.6,31.1
TAS,94029,2020-01-14,15.1,22.8
TAS,94029,2020-01-15,16.5,30.5
TAS,94029,2020-01-16,12.2,16
TAS,94029,2020-01-17,9,15.6
TAS,94029,2020-01-18,10.4,18
TAS,94029,2020-01-19,12,21.1
TAS,94029,2020-01-20,14.6,17.6
TAS,94029,2020-01-21,13.1,18.4
TAS,94029,2020-01-22,12.9,29.6
TAS,94029,2020-01-23,14,20.9
TAS,94029,2020-01-24,11.9,21.9
TAS,94029,2020-01-25,14.9,24.9
TAS,94029,2020-01-26,16.6,23.3
TAS,94029,2020-01-27,14.7,23.4
TAS,94029,2020-01-28,15.2,25.6
TAS,94029,2020-01-29,16.4,29.5
TAS,94029,2020-01-30,17.7,36.3
TAS,94029,2020-01-31,15.6,40.4
TAS,94029,2019-12-01,8.5,18.4
TAS,94029,2019-12-02,8.5,16.6
TAS,94029,2019-12-03,7.7,15.8
TAS,94029,2019-12-04,5.8,18.2
TAS,94029,2019-12-05,10.5,21
TAS,94029,2019-12-06,9.4,18.2
TAS,94029,2019-12-07,10,19.5
TAS,94029,2019-12-08,8.9,19.2
TAS,94029,2019-12-09,13.3,30.5
TAS,94029,2019-12-10,12.8,20.3
TAS,94029,2019-12-11,9.8,22
TAS,94029,2019-12-12,12.9,18.9
TAS,94029,2019-12-13,10.7,19
TAS,94029,2019-12-14,10.8,18.7
TAS,94029,2019-12-15,9.5,20.1
TAS,94029,2019-12-16,10.7,19.7
TAS,94029,2019-12-17,11.4,22.4
TAS,94029,2019-12-18,14.3,23.6
TAS,94029,2019-12-19,15.3,23.7
TAS,94029,2019-12-20,10.1,32.4
TAS,94029,2019-12-21,15.4,22.7
TAS,94029,2019-12-22,11.3,19.7
TAS,94029,2019-12-23,12.2,15.9
TAS,94029,2019-12-24,10.1,19.2
TAS,94029,2019-12-25,11.3,22.2
TAS,94029,2019-12-26,12.7,22.3
TAS,94029,2019-12-27,10.8,20.6
TAS,94029,2019-12-28,14.9,27.5
TAS,94029,2019-12-29,13.2,24.6
TAS,94029,2019-12-30,14.4,40.8
TAS,94029,2019-12-31,13.2,23.4
TAS,94029,2019-11-01,15,32.6
TAS,94029,2019-11-02,14.4,21.5
TAS,94029,2019-11-03,8.3,21.7
TAS,94029,2019-11-04,9.2,17.5
TAS,94029,2019-11-05,4.1,16.8
TAS,94029,2019-11-06,10.9,20
TAS,94029,2019-11-07,6.1,12.7
TAS,94029,2019-11-08,5.1,12.7
TAS,94029,2019-11-09,4.9,14.8
TAS,94029,2019-11-10,8.5,18.7
TAS,94029,2019-11-11,11.3,26.3
TAS,94029,2019-11-12,8.7,16.3
TAS,94029,2019-11-13,6.9,16.2
TAS,94029,2019-11-14,10.1,19.9
TAS,94029,2019-11-15,11.1,17.6
TAS,94029,2019-11-16,7.6,17.3
TAS,94029,2019-11-17,7.3,17.8
TAS,94029,2019-11-18,9.7,21.3
TAS,94029,2019-11-19,8.5,18.8
TAS,94029,2019-11-20,10.2,24.4
TAS,94029,2019-11-21,14.4,36.8
TAS,94029,2019-11-22,11.2,22.8
TAS,94029,2019-11-23,12.6,20.2
TAS,94029,2019-11-24,10,21.1
TAS,94029,2019-11-25,10.3,25.6
TAS,94029,2019-11-26,10.5,18.8
TAS,94029,2019-11-27,9.3,20.6
TAS,94029,2019-11-28,11.2,21.1
TAS,94029,2019-11-29,9.7,15.6
TAS,94029,2019-11-30,4.9,18.2
TAS,94029,2019-10-01,3.5,16.5
TAS,94029,2019-10-02,5,18.9
TAS,94029,2019-10-03,10.6,28.2
TAS,94029,2019-10-04,11.2,15.5
TAS,94029,2019-10-05,2.9,15.4
TAS,94029,2019-10-06,9.1,17.5
TAS,94029,2019-10-07,8.3,17.1
TAS,94029,2019-10-08,8.7,14.2
TAS,94029,2019-10-09,5.1,15.3
TAS,94029,2019-10-10,7.6,14.6
TAS,94029,2019-10-11,7.4,12.9
TAS,94029,2019-10-12,5.8,13.2
TAS,94029,2019-10-13,3.5,16
TAS,94029,2019-10-14,6.9,25.1
TAS,94029,2019-10-15,8.8,12.4
TAS,94029,2019-10-16,4,17.9
TAS,94029,2019-10-17,4.4,15.4
TAS,94029,2019-10-18,7,19.2
TAS,94029,2019-10-19,6.1,14.3
TAS,94029,2019-10-20,8.6,18.8
TAS,94029,2019-10-21,8.4,22.3
TAS,94029,2019-10-22,6.5,21
TAS,94029,2019-10-23,10.9,23.2
TAS,94029,2019-10-24,9.7,25.4
TAS,94029,2019-10-25,15.9,28
TAS,94029,2019-10-26,9.7,16.8
TAS,94029,2019-10-27,6.3,16.4
TAS,94029,2019-10-28,6.8,20.6
TAS,94029,2019-10-29,11.7,28
TAS,94029,2019-10-30,9.4,16.9
TAS,94029,2019-10-31,8.7,26.9
TAS,94029,2019-09-01,8.6,14.6
TAS,94029,2019-09-02,6.4,18.6
TAS,94029,2019-09-03,9.2,20.3
TAS,94029,2019-09-04,7.9,16.7
TAS,94029,2019-09-05,6.3,15.2
TAS,94029,2019-09-06,3.5,11
TAS,94029,2019-09-07,8.2,9.9
TAS,94029,2019-09-08,3.7,14.9
TAS,94029,2019-09-09,5.7,13.1
TAS,94029,2019-09-10,4.4,17.4
TAS,94029,2019-09-11,7.5,21.5
TAS,94029,2019-09-12,11.7,18.1
TAS,94029,2019-09-13,5.6,15.4
TAS,94029,2019-09-14,8.6,17.4
TAS,94029,2019-09-15,12.8,17.7
TAS,94029,2019-09-16,4.7,11.8
TAS,94029,2019-09-17,1.4,14.8
TAS,94029,2019-09-18,5.1,17.9
TAS,94029,2019-09-19,5.4,22
TAS,94029,2019-09-20,11.1,27.2
TAS,94029,2019-09-21,12.2,21.7
TAS,94029,2019-09-22,7.4,14.4
TAS,94029,2019-09-23,5.5,15.5
TAS,94029,2019-09-24,8.5,14.8
TAS,94029,2019-09-25,5.6,14.1
TAS,94029,2019-09-26,7.9,19.4
TAS,94029,2019-09-27,12.2,18.9
TAS,94029,2019-09-28,4.3,16.9
TAS,94029,2019-09-29,8.4,15
TAS,94029,2019-09-30,6.9,15.6
TAS,94029,2019-08-01,5.3,13.3
TAS,94029,2019-08-02,3.5,13.8
TAS,94029,2019-08-03,6.8,10.8
TAS,94029,2019-08-04,3.1,11.4
TAS,94029,2019-08-05,2.4,13.7
TAS,94029,2019-08-06,4.5,17.1
TAS,94029,2019-08-07,7.4,12.4
TAS,94029,2019-08-08,2,9.2
TAS,94029,2019-08-09,1.2,11.2
TAS,94029,2019-08-10,3.7,8.8
TAS,94029,2019-08-11,6.6,11.3
TAS,94029,2019-08-12,4.4,13.1
TAS,94029,2019-08-13,6.1,16.6
TAS,94029,2019-08-14,3.3,15.6
TAS,94029,2019-08-15,6.9,18.5
TAS,94029,2019-08-16,7.9,11.4
TAS,94029,2019-08-17,6.4,15
TAS,94029,2019-08-18,7,17.7
TAS,94029,2019-08-19,4.4,13.9
TAS,94029,2019-08-20,5.5,16
TAS,94029,2019-08-21,5.8,11.6
TAS,94029,2019-08-22,4.1,10.9
TAS,94029,2019-08-23,1.9,16.2
TAS,94029,2019-08-24,7.9,17.9
TAS,94029,2019-08-25,4.7,11.5
TAS,94029,2019-08-26,5.6,14.8
TAS,94029,2019-08-27,9.4,14.8
TAS,94029,2019-08-28,8.1,10.1
TAS,94029,2019-08-29,2.9,13.6
TAS,94029,2019-08-30,2.6,15.5
TAS,94029,2019-08-31,4.7,18.2
TAS,94029,2019-07-01,10,17.9
TAS,94029,2019-07-02,8.1,12
TAS,94029,2019-07-03,5.5,14.5
TAS,94029,2019-07-04,4.1,12.7
TAS,94029,2019-07-05,2.4,12.5
TAS,94029,2019-07-06,2.1,11.6
TAS,94029,2019-07-07,3.8,12.2
TAS,94029,2019-07-08,3.2,14.5
TAS,94029,2019-07-09,6.4,13.9
TAS,94029,2019-07-10,8.4,16.2
TAS,94029,2019-07-11,7.9,14.1
TAS,94029,2019-07-12,6.2,9.3
TAS,94029,2019-07-13,4.8,9.4
TAS,94029,2019-07-14,5.3,10.6
TAS,94029,2019-07-15,4.5,15.7
TAS,94029,2019-07-16,9.5,13.9
TAS,94029,2019-07-17,9.7,13.3
TAS,94029,2019-07-18,5.1,11.4
TAS,94029,2019-07-19,7,14.9
TAS,94029,2019-07-20,4.6,15.3
TAS,94029,2019-07-21,6.9,15.4
TAS,94029,2019-07-22,7,17.7
TAS,94029,2019-07-23,8.9,12.7
TAS,94029,2019-07-24,5.6,13.4
TAS,94029,2019-07-25,7.2,16.8
TAS,94029,2019-07-26,9.6,14.6
TAS,94029,2019-07-27,1.9,11.7
TAS,94029,2019-07-28,5.9,14.3
TAS,94029,2019-07-29,7.9,11.5
TAS,94029,2019-07-30,3.7,11.4
TAS,94029,2019-07-31,1.8,12.8
TAS,94029,2019-06-01,5.9,17
TAS,94029,2019-06-02,5.3,10.8
TAS,94029,2019-06-03,6.6,10.2
TAS,94029,2019-06-04,4.4,11.3
TAS,94029,2019-06-05,3.3,14.7
TAS,94029,2019-06-06,9.4,17.1
TAS,94029,2019-06-07,7.9,17
TAS,94029,2019-06-08,3.2,12.8
TAS,94029,2019-06-09,5.2,13.2
TAS,94029,2019-06-10,7.7,14.5
TAS,94029,2019-06-11,9.1,17.6
TAS,94029,2019-06-12,7,12.8
TAS,94029,2019-06-13,6.6,15.6
TAS,94029,2019-06-14,8.6,13.7
TAS,94029,2019-06-15,5.7,13.2
TAS,94029,2019-06-16,3.2,12.8
TAS,94029,2019-06-17,4.4,12
TAS,94029,2019-06-18,5.2,14.5
TAS,94029,2019-06-19,6.7,10.6
TAS,94029,2019-06-20,3.7,12.1
TAS,94029,2019-06-21,5.1,11.7
TAS,94029,2019-06-22,4.6,10.8
TAS,94029,2019-06-23,1.1,12.4
TAS,94029,2019-06-24,1.8,10
TAS,94029,2019-06-25,-0.2,9.9
TAS,94029,2019-06-26,2.1,14.2
TAS,94029,2019-06-27,3.9,12.7
TAS,94029,2019-06-28,4.9,18.1
TAS,94029,2019-06-29,11.1,17.8
TAS,94029,2019-06-30,10.5,15.5
NT,14015,2020-05-01,25.5,34
NT,14015,2020-05-02,21.6,32.5
NT,14015,2020-05-03,21.4,32.5
NT,14015,2020-05-04,22.1,32.8
NT,14015,2020-05-05,24.3,33.8
NT,14015,2020-05-06,23.4,32.6
NT,14015,2020-05-07,21,32.9
NT,14015,2020-05-08,22.5,33
NT,14015,2020-05-09,24,33.6
NT,14015,2020-05-10,23.5,34.3
NT,14015,2020-05-11,24.4,32.7
NT,14015,2020-05-12,22.9,33
NT,14015,2020-05-13,24.1,33.8
NT,14015,2020-05-14,24.8,33.1
NT,14015,2020-05-15,25,33.8
NT,14015,2020-05-16,24.1,33.6
NT,14015,2020-05-17,24.9,34.2
NT,14015,2020-05-18,23.7,32.9
NT,14015,2020-05-19,23.6,34.4
NT,14015,2020-05-20,24,34
NT,14015,2020-05-21,25.4,28.9
NT,14015,2020-05-22,19.8,25
NT,14015,2020-05-23,19.3,25.7
NT,14015,2020-05-24,18.6,27.3
NT,14015,2020-05-25,18.9,29.8
NT,14015,2020-05-26,18.3,29.8
NT,14015,2020-05-27,21.1,31.2
NT,14015,2020-05-28,20.8,32
NT,14015,2020-05-29,19.9,32.5
NT,14015,2020-05-30,19.9,32.8
NT,14015,2020-05-31,21,32.3
NT,14015,2020-04-01,25.4,34
NT,14015,2020-04-02,26.9,33.5
NT,14015,2020-04-03,25.7,33.2
NT,14015,2020-04-04,26.7,33.7
NT,14015,2020-04-05,24.7,29.3
NT,14015,2020-04-06,24.7,33.9
NT,14015,2020-04-07,24.4,34.1
NT,14015,2020-04-08,25.4,33.6
NT,14015,2020-04-09,23.4,31.1
NT,14015,2020-04-10,24.5,31.9
NT,14015,2020-04-11,20.5,29.2
NT,14015,2020-04-12,23.8,32.9
NT,14015,2020-04-13,23.8,34.1
NT,14015,2020-04-14,25.9,34.1
NT,14015,2020-04-15,25.8,34.2
NT,14015,2020-04-16,25.9,34.3
NT,14015,2020-04-17,25.8,34
NT,14015,2020-04-18,25.5,33.3
NT,14015,2020-04-19,23.7,33.1
NT,14015,2020-04-20,25.9,34.2
NT,14015,2020-04-21,26.5,34.3
NT,14015,2020-04-22,25.7,35
NT,14015,2020-04-23,25.5,35.3
NT,14015,2020-04-24,24.2,34.2
NT,14015,2020-04-25,25.7,35.4
NT,14015,2020-04-26,25.4,34.7
NT,14015,2020-04-27,25.1,34.9
NT,14015,2020-04-28,24.6,34.7
NT,14015,2020-04-29,25,34.4
NT,14015,2020-04-30,25.6,35.8
NT,14015,2020-03-01,25.9,33.1
NT,14015,2020-03-02,25.8,32.5
NT,14015,2020-03-03,26.1,31.4
NT,14015,2020-03-04,26,33
NT,14015,2020-03-05,26.5,32.8
NT,14015,2020-03-06,26.5,33.4
NT,14015,2020-03-07,24.4,32.7
NT,14015,2020-03-08,25.1,31.2
NT,14015,2020-03-09,23.9,27
NT,14015,2020-03-10,23.2,32.1
NT,14015,2020-03-11,25.4,33.4
NT,14015,2020-03-12,25.7,33.2
NT,14015,2020-03-13,26.8,33.5
NT,14015,2020-03-14,27.7,34
NT,14015,2020-03-15,22.6,33.2
NT,14015,2020-03-16,24.2,34.3
NT,14015,2020-03-17,25.7,33.9
NT,14015,2020-03-18,25.6,33
NT,14015,2020-03-19,24.5,33.9
NT,14015,2020-03-20,26,34.1
NT,14015,2020-03-21,26.1,34.9
NT,14015,2020-03-22,24,34.8
NT,14015,2020-03-23,26.6,33.9
NT,14015,2020-03-24,26.5,31.8
NT,14015,2020-03-25,24.2,32
NT,14015,2020-03-26,24.1,32.7
NT,14015,2020-03-27,25.9,33.7
NT,14015,2020-03-28,24.9,35.1
NT,14015,2020-03-29,25.4,34.6
NT,14015,2020-03-30,26.4,35.9
NT,14015,2020-03-31,25.3,33.4
NT,14015,2020-02-01,28.5,33.5
NT,14015,2020-02-02,29.2,33.3
NT,14015,2020-02-03,27.8,32.7
NT,14015,2020-02-04,25.7,32.2
NT,14015,2020-02-05,26.2,33
NT,14015,2020-02-06,26.6,34.4
NT,14015,2020-02-07,28.3,34.2
NT,14015,2020-02-08,26.8,34.5
NT,14015,2020-02-09,29,34.1
NT,14015,2020-02-10,26.4,34.3
NT,14015,2020-02-11,24,30.6
NT,14015,2020-02-12,27.3,34.2
NT,14015,2020-02-13,28.9,34.8
NT,14015,2020-02-14,28.7,34.2
NT,14015,2020-02-15,28.8,34.6
NT,14015,2020-02-16,24.8,33.1
NT,14015,2020-02-17,28.5,34.5
NT,14015,2020-02-18,26.6,34.3
NT,14015,2020-02-19,23.8,34.3
NT,14015,2020-02-20,21.9,32.1
NT,14015,2020-02-21,23.5,32.6
NT,14015,2020-02-22,24.5,34.1
NT,14015,2020-02-23,29,33.7
NT,14015,2020-02-24,28.7,33.8
NT,14015,2020-02-25,28.6,33.7
NT,14015,2020-02-26,29.7,32.9
NT,14015,2020-02-27,24.3,31
NT,14015,2020-02-28,24,30.7
NT,14015,2020-02-29,26.2,32.4
NT,14015,2020-01-01,23.6,34.4
NT,14015,2020-01-02,25.9,34.5
NT,14015,2020-01-03,26.3,34.7
NT,14015,2020-01-04,26.6,35
NT,14015,2020-01-05,26.7,34.6
NT,14015,2020-01-06,26.3,34.6
NT,14015,2020-01-07,25.3,34.1
NT,14015,2020-01-08,27.4,32.4
NT,14015,2020-01-09,26.8,31.2
NT,14015,2020-01-10,25.1,27.2
NT,14015,2020-01-11,24.6,30.1
NT,14015,2020-01-12,25.3,33.9
NT,14015,2020-01-13,25.3,33.6
NT,14015,2020-01-14,25.2,33.6
NT,14015,2020-01-15,26.3,34.8
NT,14015,2020-01-16,28.7,34.2
NT,14015,2020-01-17,26.2,31.4
NT,14015,2020-01-18,23.9,34.1
NT,14015,2020-01-19,28.7,31.3
NT,14015,2020-01-20,24.8,30.2
NT,14015,2020-01-21,22.7,29.9
NT,14015,2020-01-22,23.2,28.4
NT,14015,2020-01-23,22.7,32.8
NT,14015,2020-01-24,27.1,33.2
NT,14015,2020-01-25,28.5,33.2
NT,14015,2020-01-26,28,33.8
NT,14015,2020-01-27,28.5,33.9
NT,14015,2020-01-28,29,34
NT,14015,2020-01-29,26.4,32.1
NT,14015,2020-01-30,22.5,33.3
NT,14015,2020-01-31,27.5,33.4
NT,14015,2019-12-01,29.7,34
NT,14015,2019-12-02,23.7,34.5
NT,14015,2019-12-03,26.3,35.1
NT,14015,2019-12-04,26,35.1
NT,14015,2019-12-05,26.4,36
NT,14015,2019-12-06,26.9,36.5
NT,14015,2019-12-07,26.7,36.3
NT,14015,2019-12-08,25.5,35.9
NT,14015,2019-12-09,27.1,37.1
NT,14015,2019-12-10,28,35.8
NT,14015,2019-12-11,25.3,35.6
NT,14015,2019-12-12,26.9,35.4
NT,14015,2019-12-13,26.6,35.9
NT,14015,2019-12-14,26.1,34.6
NT,14015,2019-12-15,21.7,34.4
NT,14015,2019-12-16,26.9,34.6
NT,14015,2019-12-17,27.2,35.4
NT,14015,2019-12-18,24.6,35.9
NT,14015,2019-12-19,26.6,35.6
NT,14015,2019-12-20,27.2,35.1
NT,14015,2019-12-21,27.2,34.8
NT,14015,2019-12-22,25.3,36
NT,14015,2019-12-23,27.4,35.5
NT,14015,2019-12-24,27.2,36.1
NT,14015,2019-12-25,22.6,35.4
NT,14015,2019-12-26,26.7,35.3
NT,14015,2019-12-27,30.2,34.2
NT,14015,2019-12-28,23.6,33.8
NT,14015,2019-12-29,27,34.2
NT,14015,2019-12-30,25.3,33.9
NT,14015,2019-12-31,25.7,35.1
NT,14015,2019-11-01,23.7,32.1
NT,14015,2019-11-02,26.7,33.4
NT,14015,2019-11-03,26.2,34.1
NT,14015,2019-11-04,27.4,32.7
NT,14015,2019-11-05,21.8,31.1
NT,14015,2019-11-06,23,36.1
NT,14015,2019-11-07,26.1,34.1
NT,14015,2019-11-08,25.8,33.6
NT,14015,2019-11-09,26.5,34.7
NT,14015,2019-11-10,25.3,35.2
NT,14015,2019-11-11,25.6,35.8
NT,14015,2019-11-12,25.3,34.9
NT,14015,2019-11-13,27.6,34.8
NT,14015,2019-11-14,27.4,34.5
NT,14015,2019-11-15,25.1,34.6
NT,14015,2019-11-16,25.8,34.7
NT,14015,2019-11-17,26.7,34.7
NT,14015,2019-11-18,26,33.9
NT,14015,2019-11-19,25.8,35.7
NT,14015,2019-11-20,25.3,34.6
NT,14015,2019-11-21,25.2,34.8
NT,14015,2019-11-22,26,35.3
NT,14015,2019-11-23,26.4,36.1
NT,14015,2019-11-24,22.5,33.8
NT,14015,2019-11-25,26.7,34.8
NT,14015,2019-11-26,23.8,34.8
NT,14015,2019-11-27,25.6,35
NT,14015,2019-11-28,25.6,35.1
NT,14015,2019-11-29,27.2,35.1
NT,14015,2019-11-30,26.8,34.6
NT,14015,2019-10-01,23.4,33.8
NT,14015,2019-10-02,23.1,34.1
NT,14015,2019-10-03,24,34.2
NT,14015,2019-10-04,23.6,34.4
NT,14015,2019-10-05,24,34.2
NT,14015,2019-10-06,23.1,33.9
NT,14015,2019-10-07,24.3,33.3
NT,14015,2019-10-08,23.6,33.1
NT,14015,2019-10-09,24.1,33.5
NT,14015,2019-10-10,25.3,34
NT,14015,2019-10-11,23.6,34.5
NT,14015,2019-10-12,24.5,34.8
NT,14015,2019-10-13,24.3,33.8
NT,14015,2019-10-14,21.8,35.8
NT,14015,2019-10-15,22.2,35.1
NT,14015,2019-10-16,23.6,32.5
NT,14015,2019-10-17,23.2,34.4
NT,14015,2019-10-18,23.5,36.4
NT,14015,2019-10-19,24.6,36
NT,14015,2019-10-20,24,35.2
NT,14015,2019-10-21,24.9,38.2
NT,14015,2019-10-22,24.8,35
NT,14015,2019-10-23,25.2,35.6
NT,14015,2019-10-24,25.3,35.5
NT,14015,2019-10-25,26.7,33.1
NT,14015,2019-10-26,26.8,34.2
NT,14015,2019-10-27,24.7,31.2
NT,14015,2019-10-28,24.4,32.7
NT,14015,2019-10-29,24.1,34.5
NT,14015,2019-10-30,24.4,32.9
NT,14015,2019-10-31,25.4,33.8
NT,14015,2019-09-01,18,32
NT,14015,2019-09-02,19.1,32.9
NT,14015,2019-09-03,19.9,31.9
NT,14015,2019-09-04,20.5,32.7
NT,14015,2019-09-05,20.2,30.2
NT,14015,2019-09-06,20.6,30.9
NT,14015,2019-09-07,22,31.1
NT,14015,2019-09-08,20.2,34.2
NT,14015,2019-09-09,21.4,36.3
NT,14015,2019-09-10,20.4,33.4
NT,14015,2019-09-11,18.3,33.5
NT,14015,2019-09-12,18.6,33.3
NT,14015,2019-09-13,19.3,32.5
NT,14015,2019-09-14,19,32.9
NT,14015,2019-09-15,19.5,32.3
NT,14015,2019-09-16,21.2,32.7
NT,14015,2019-09-17,20.5,32.6
NT,14015,2019-09-18,22,31.9
NT,14015,2019-09-19,20.1,32.8
NT,14015,2019-09-20,20.4,30.9
NT,14015,2019-09-21,21.5,33.1
NT,14015,2019-09-22,23.5,33.1
NT,14015,2019-09-23,24,34.4
NT,14015,2019-09-24,24.8,32.2
NT,14015,2019-09-25,24.8,32.4
NT,14015,2019-09-26,22.7,35.3
NT,14015,2019-09-27,23.4,32.1
NT,14015,2019-09-28,23.4,32
NT,14015,2019-09-29,23,33
NT,14015,2019-09-30,23.1,32.9
NT,14015,2019-08-01,18.5,32.9
NT,14015,2019-08-02,19.2,31.3
NT,14015,2019-08-03,15.7,31.1
NT,14015,2019-08-04,18.2,31.9
NT,14015,2019-08-05,19.5,32.4
NT,14015,2019-08-06,21,32.7
NT,14015,2019-08-07,20.8,30.3
NT,14015,2019-08-08,21.3,30.5
NT,14015,2019-08-09,21.7,32.7
NT,14015,2019-08-10,21.9,34
NT,14015,2019-08-11,20.4,33.8
NT,14015,2019-08-12,20.6,32.2
NT,14015,2019-08-13,17,30.9
NT,14015,2019-08-14,15.3,31.1
NT,14015,2019-08-15,16.1,30.5
NT,14015,2019-08-16,19.8,30
NT,14015,2019-08-17,21.2,30.5
NT,14015,2019-08-18,21.2,32.1
NT,14015,2019-08-19,23.1,31.7
NT,14015,2019-08-20,23,33.8
NT,14015,2019-08-21,19.2,31.7
NT,14015,2019-08-22,19.8,32.3
NT,14015,2019-08-23,18.3,30.9
NT,14015,2019-08-24,19.3,31.3
NT,14015,2019-08-25,19.4,30.7
NT,14015,2019-08-26,19.7,32.4
NT,14015,2019-08-27,19.9,34.9
NT,14015,2019-08-28,19.4,34.8
NT,14015,2019-08-29,17.9,32.5
NT,14015,2019-08-30,16.4,31.6
NT,14015,2019-08-31,15.6,31.6
NT,14015,2019-07-01,21.9,32.9
NT,14015,2019-07-02,19.1,31.9
NT,14015,2019-07-03,17.8,30.7
NT,14015,2019-07-04,16.7,30.8
NT,14015,2019-07-05,14.4,29.2
NT,14015,2019-07-06,15.9,29.7
NT,14015,2019-07-07,17.7,31.2
NT,14015,2019-07-08,16.8,32.1
NT,14015,2019-07-09,18.4,32.3
NT,14015,2019-07-10,18.7,30.5
NT,14015,2019-07-11,18.5,30.3
NT,14015,2019-07-12,19.1,32.1
NT,14015,2019-07-13,20.2,32
NT,14015,2019-07-14,18.2,30.3
NT,14015,2019-07-15,20.1,29.8
NT,14015,2019-07-16,21.2,30.6
NT,14015,2019-07-17,19,30.6
NT,14015,2019-07-18,17.4,31.5
NT,14015,2019-07-19,18.1,32.1
NT,14015,2019-07-20,18.3,32.5
NT,14015,2019-07-21,17.9,30.3
NT,14015,2019-07-22,17.5,29.9
NT,14015,2019-07-23,16.8,33.3
NT,14015,2019-07-24,17.2,32.8
NT,14015,2019-07-25,19.6,32.6
NT,14015,2019-07-26,21.1,31.7
NT,14015,2019-07-27,19.5,31.3
NT,14015,2019-07-28,19.5,31.6
NT,14015,2019-07-29,19.1,31.2
NT,14015,2019-07-30,18.9,30.3
NT,14015,2019-07-31,18.9,32.6
NT,14015,2019-06-01,19.7,30.2
NT,14015,2019-06-02,20,31
NT,14015,2019-06-03,21.4,29
NT,14015,2019-06-04,21.1,26.2
NT,14015,2019-06-05,20.3,28.3
NT,14015,2019-06-06,17.4,28.6
NT,14015,2019-06-07,19.4,30.3
NT,14015,2019-06-08,20.3,32
NT,14015,2019-06-09,21.9,32.4
NT,14015,2019-06-10,22.2,33.9
NT,14015,2019-06-11,22.5,33.9
NT,14015,2019-06-12,22.8,33.2
NT,14015,2019-06-13,22.4,32.5
NT,14015,2019-06-14,20.4,32.8
NT,14015,2019-06-15,20.3,32
NT,14015,2019-06-16,19.7,32.5
NT,14015,2019-06-17,20.7,32.5
NT,14015,2019-06-18,19.4,32.5
NT,14015,2019-06-19,18.6,30.3
NT,14015,2019-06-20,17.6,31.1
NT,14015,2019-06-21,17.5,30.1
NT,14015,2019-06-22,18,30.4
NT,14015,2019-06-23,15.7,30.1
NT,14015,2019-06-24,15.6,30.1
NT,14015,2019-06-25,12.7,30.3
NT,14015,2019-06-26,14.9,29.8
NT,14015,2019-06-27,14.5,30.3
NT,14015,2019-06-28,17,29
NT,14015,2019-06-29,17.6,32
NT,14015,2019-06-30,19.3,33.4
